,Date,Location,Reduction_in_unmet_demand,Running_total,Location_running_total
0,2025-07-01,Unmet_Dem_OUT_AZ_NM_N[AF],-15.0,16597.0,-15.0
1,2025-08-01,Unmet_Dem_OUT_AZ_NM_N[AF],44.0,31574.0,29.0
2,2025-09-01,Unmet_Dem_OUT_AZ_NM_N[AF],15.0,40064.0,44.0
3,2025-10-01,Unmet_Dem_OUT_AZ_NM_N[AF],5.0,43974.0,49.0
4,2025-11-01,Unmet_Dem_OUT_AZ_NM_N[AF],2.0,45735.0,51.0
5,2054-12-01,Unmet_Dem_OUT_CA_IID[AF],-155.0,932262.0,-155.0
6,2069-12-01,Unmet_Dem_OUT_CA_IID[AF],-152.0,1503067.0,-307.0
7,2029-05-01,Unmet_Dem_OUT_CA_LADWP[AF],551.0,64397.0,551.0
8,2034-05-01,Unmet_Dem_OUT_CA_LADWP[AF],13.0,122996.0,564.0
9,2036-05-01,Unmet_Dem_OUT_CA_LADWP[AF],1512.0,229185.0,2076.0
10,2036-06-01,Unmet_Dem_OUT_CA_LADWP[AF],706.0,238413.0,2782.0
11,2037-05-01,Unmet_Dem_OUT_CA_LADWP[AF],61.0,292958.0,2843.0
12,2044-05-01,Unmet_Dem_OUT_CA_LADWP[AF],1193.0,531077.0,4036.0
13,2066-05-01,Unmet_Dem_OUT_CA_LADWP[AF],1279.0,1227437.0,5315.0
14,2066-06-01,Unmet_Dem_OUT_CA_LADWP[AF],2000.0,1242538.0,7315.0
15,2067-04-01,Unmet_Dem_OUT_CA_LADWP[AF],361.0,1329940.0,7676.0
16,2067-05-01,Unmet_Dem_OUT_CA_LADWP[AF],1302.0,1338917.0,8978.0
17,2067-06-01,Unmet_Dem_OUT_CA_LADWP[AF],1697.0,1352179.0,10675.0
18,2067-10-01,Unmet_Dem_OUT_CA_LADWP[AF],1239.0,1420704.0,11914.0
19,2068-12-01,Unmet_Dem_OUT_CA_LADWP[AF],374.0,1436818.0,12288.0
20,2070-05-01,Unmet_Dem_OUT_CA_LADWP[AF],1312.0,1525550.0,13600.0
21,2070-06-01,Unmet_Dem_OUT_CA_LADWP[AF],2306.0,1540171.0,15906.0
22,2021-08-01,Unmet_Dem_OUT_CA_PGE_BAY[AF],109.0,1509.0,109.0
23,2021-09-01,Unmet_Dem_OUT_CA_PGE_BAY[AF],108.0,2061.0,217.0
24,2021-10-01,Unmet_Dem_OUT_CA_PGE_BAY[AF],110.0,2641.0,327.0
25,2023-07-01,Unmet_Dem_OUT_CA_PGE_BAY[AF],290.0,8977.0,617.0
26,2023-08-01,Unmet_Dem_OUT_CA_PGE_BAY[AF],-1922.0,9093.0,-1305.0
27,2024-08-01,Unmet_Dem_OUT_CA_PGE_BAY[AF],611.0,14174.0,-694.0
28,2024-09-01,Unmet_Dem_OUT_CA_PGE_BAY[AF],577.0,14759.0,-117.0
29,2024-10-01,Unmet_Dem_OUT_CA_PGE_BAY[AF],494.0,15262.0,377.0
30,2025-08-01,Unmet_Dem_OUT_CA_PGE_BAY[AF],2774.0,31574.0,3151.0
31,2025-09-01,Unmet_Dem_OUT_CA_PGE_BAY[AF],1434.0,40064.0,4585.0
32,2029-07-01,Unmet_Dem_OUT_CA_PGE_BAY[AF],833.0,75797.0,5418.0
33,2029-08-01,Unmet_Dem_OUT_CA_PGE_BAY[AF],1749.0,82065.0,7167.0
34,2029-09-01,Unmet_Dem_OUT_CA_PGE_BAY[AF],2381.0,87482.0,9548.0
35,2029-10-01,Unmet_Dem_OUT_CA_PGE_BAY[AF],1491.0,92975.0,11039.0
36,2029-11-01,Unmet_Dem_OUT_CA_PGE_BAY[AF],1101.0,98049.0,12140.0
37,2030-05-01,Unmet_Dem_OUT_CA_PGE_BAY[AF],118.0,99119.0,12258.0
38,2030-08-01,Unmet_Dem_OUT_CA_PGE_BAY[AF],1049.0,108700.0,13307.0
39,2030-09-01,Unmet_Dem_OUT_CA_PGE_BAY[AF],1090.0,113899.0,14397.0
40,2030-10-01,Unmet_Dem_OUT_CA_PGE_BAY[AF],884.0,117837.0,15281.0
41,2034-06-01,Unmet_Dem_OUT_CA_PGE_BAY[AF],1254.0,130739.0,16535.0
42,2034-07-01,Unmet_Dem_OUT_CA_PGE_BAY[AF],1332.0,139989.0,17867.0
43,2034-08-01,Unmet_Dem_OUT_CA_PGE_BAY[AF],1891.0,144216.0,19758.0
44,2034-09-01,Unmet_Dem_OUT_CA_PGE_BAY[AF],1404.0,151018.0,21162.0
45,2034-10-01,Unmet_Dem_OUT_CA_PGE_BAY[AF],1342.0,158722.0,22504.0
46,2034-11-01,Unmet_Dem_OUT_CA_PGE_BAY[AF],1256.0,165397.0,23760.0
47,2034-12-01,Unmet_Dem_OUT_CA_PGE_BAY[AF],767.0,166187.0,24527.0
48,2035-05-01,Unmet_Dem_OUT_CA_PGE_BAY[AF],759.0,167490.0,25286.0
49,2035-06-01,Unmet_Dem_OUT_CA_PGE_BAY[AF],3240.0,176274.0,28526.0
50,2035-07-01,Unmet_Dem_OUT_CA_PGE_BAY[AF],4417.0,180741.0,32943.0
51,2035-08-01,Unmet_Dem_OUT_CA_PGE_BAY[AF],4984.0,189330.0,37927.0
52,2035-09-01,Unmet_Dem_OUT_CA_PGE_BAY[AF],5380.0,198262.0,43307.0
53,2035-10-01,Unmet_Dem_OUT_CA_PGE_BAY[AF],4115.0,207514.0,47422.0
54,2035-11-01,Unmet_Dem_OUT_CA_PGE_BAY[AF],2102.0,214254.0,49524.0
55,2035-12-01,Unmet_Dem_OUT_CA_PGE_BAY[AF],761.0,217118.0,50285.0
56,2036-05-01,Unmet_Dem_OUT_CA_PGE_BAY[AF],778.0,229185.0,51063.0
57,2036-06-01,Unmet_Dem_OUT_CA_PGE_BAY[AF],1454.0,238413.0,52517.0
58,2036-07-01,Unmet_Dem_OUT_CA_PGE_BAY[AF],3852.0,249426.0,56369.0
59,2036-08-01,Unmet_Dem_OUT_CA_PGE_BAY[AF],4590.0,260423.0,60959.0
60,2036-09-01,Unmet_Dem_OUT_CA_PGE_BAY[AF],5157.0,271650.0,66116.0
61,2036-10-01,Unmet_Dem_OUT_CA_PGE_BAY[AF],4892.0,278657.0,71008.0
62,2036-11-01,Unmet_Dem_OUT_CA_PGE_BAY[AF],2897.0,286006.0,73905.0
63,2036-12-01,Unmet_Dem_OUT_CA_PGE_BAY[AF],1380.0,287403.0,75285.0
64,2037-01-01,Unmet_Dem_OUT_CA_PGE_BAY[AF],684.0,288113.0,75969.0
65,2037-06-01,Unmet_Dem_OUT_CA_PGE_BAY[AF],1295.0,302370.0,77264.0
66,2037-07-01,Unmet_Dem_OUT_CA_PGE_BAY[AF],2318.0,314393.0,79582.0
67,2037-08-01,Unmet_Dem_OUT_CA_PGE_BAY[AF],4344.0,322499.0,83926.0
68,2037-09-01,Unmet_Dem_OUT_CA_PGE_BAY[AF],5464.0,332725.0,89390.0
69,2037-10-01,Unmet_Dem_OUT_CA_PGE_BAY[AF],5991.0,342566.0,95381.0
70,2037-11-01,Unmet_Dem_OUT_CA_PGE_BAY[AF],2558.0,347685.0,97939.0
71,2037-12-01,Unmet_Dem_OUT_CA_PGE_BAY[AF],1173.0,348916.0,99112.0
72,2040-07-01,Unmet_Dem_OUT_CA_PGE_BAY[AF],168.0,396867.0,99280.0
73,2040-08-01,Unmet_Dem_OUT_CA_PGE_BAY[AF],1651.0,398567.0,100931.0
74,2040-09-01,Unmet_Dem_OUT_CA_PGE_BAY[AF],1880.0,400490.0,102811.0
75,2040-10-01,Unmet_Dem_OUT_CA_PGE_BAY[AF],1824.0,405738.0,104635.0
76,2040-11-01,Unmet_Dem_OUT_CA_PGE_BAY[AF],107.0,405857.0,104742.0
77,2043-06-01,Unmet_Dem_OUT_CA_PGE_BAY[AF],1739.0,450468.0,106481.0
78,2043-07-01,Unmet_Dem_OUT_CA_PGE_BAY[AF],2746.0,462626.0,109227.0
79,2043-08-01,Unmet_Dem_OUT_CA_PGE_BAY[AF],5085.0,477676.0,114312.0
80,2043-09-01,Unmet_Dem_OUT_CA_PGE_BAY[AF],6264.0,492181.0,120576.0
81,2043-10-01,Unmet_Dem_OUT_CA_PGE_BAY[AF],3628.0,505597.0,124204.0
82,2044-07-01,Unmet_Dem_OUT_CA_PGE_BAY[AF],1904.0,558020.0,126108.0
83,2044-08-01,Unmet_Dem_OUT_CA_PGE_BAY[AF],500.0,561020.0,126608.0
84,2044-09-01,Unmet_Dem_OUT_CA_PGE_BAY[AF],1714.0,566550.0,128322.0
85,2046-10-01,Unmet_Dem_OUT_CA_PGE_BAY[AF],412.0,648436.0,128734.0
86,2047-08-01,Unmet_Dem_OUT_CA_PGE_BAY[AF],397.0,676821.0,129131.0
87,2047-09-01,Unmet_Dem_OUT_CA_PGE_BAY[AF],2014.0,678843.0,131145.0
88,2047-10-01,Unmet_Dem_OUT_CA_PGE_BAY[AF],1803.0,683020.0,132948.0
89,2047-11-01,Unmet_Dem_OUT_CA_PGE_BAY[AF],1451.0,686659.0,134399.0
90,2051-08-01,Unmet_Dem_OUT_CA_PGE_BAY[AF],1376.0,752039.0,135775.0
91,2051-09-01,Unmet_Dem_OUT_CA_PGE_BAY[AF],2292.0,757353.0,138067.0
92,2051-10-01,Unmet_Dem_OUT_CA_PGE_BAY[AF],1783.0,760374.0,139850.0
93,2051-11-01,Unmet_Dem_OUT_CA_PGE_BAY[AF],327.0,763079.0,140177.0
94,2052-08-01,Unmet_Dem_OUT_CA_PGE_BAY[AF],399.0,793141.0,140576.0
95,2052-09-01,Unmet_Dem_OUT_CA_PGE_BAY[AF],2233.0,799415.0,142809.0
96,2052-10-01,Unmet_Dem_OUT_CA_PGE_BAY[AF],1867.0,808900.0,144676.0
97,2053-09-01,Unmet_Dem_OUT_CA_PGE_BAY[AF],1342.0,856592.0,146018.0
98,2053-10-01,Unmet_Dem_OUT_CA_PGE_BAY[AF],170.0,858881.0,146188.0
99,2053-11-01,Unmet_Dem_OUT_CA_PGE_BAY[AF],254.0,862341.0,146442.0
100,2054-07-01,Unmet_Dem_OUT_CA_PGE_BAY[AF],2063.0,905565.0,148505.0
101,2054-08-01,Unmet_Dem_OUT_CA_PGE_BAY[AF],1942.0,913959.0,150447.0
102,2054-09-01,Unmet_Dem_OUT_CA_PGE_BAY[AF],1238.0,920576.0,151685.0
103,2056-08-01,Unmet_Dem_OUT_CA_PGE_BAY[AF],1603.0,1005966.0,153288.0
104,2056-09-01,Unmet_Dem_OUT_CA_PGE_BAY[AF],1744.0,1011207.0,155032.0
105,2056-10-01,Unmet_Dem_OUT_CA_PGE_BAY[AF],2378.0,1016417.0,157410.0
106,2057-08-01,Unmet_Dem_OUT_CA_PGE_BAY[AF],2411.0,1056045.0,159821.0
107,2057-09-01,Unmet_Dem_OUT_CA_PGE_BAY[AF],2240.0,1060860.0,162061.0
108,2057-10-01,Unmet_Dem_OUT_CA_PGE_BAY[AF],2198.0,1069228.0,164259.0
109,2057-11-01,Unmet_Dem_OUT_CA_PGE_BAY[AF],1811.0,1075105.0,166070.0
110,2060-10-01,Unmet_Dem_OUT_CA_PGE_BAY[AF],276.0,1147034.0,166346.0
111,2065-08-01,Unmet_Dem_OUT_CA_PGE_BAY[AF],412.0,1185056.0,166758.0
112,2065-09-01,Unmet_Dem_OUT_CA_PGE_BAY[AF],1676.0,1190227.0,168434.0
113,2065-10-01,Unmet_Dem_OUT_CA_PGE_BAY[AF],1551.0,1197121.0,169985.0
114,2065-11-01,Unmet_Dem_OUT_CA_PGE_BAY[AF],1143.0,1204417.0,171128.0
115,2066-05-01,Unmet_Dem_OUT_CA_PGE_BAY[AF],596.0,1227437.0,171724.0
116,2066-06-01,Unmet_Dem_OUT_CA_PGE_BAY[AF],1557.0,1242538.0,173281.0
117,2066-07-01,Unmet_Dem_OUT_CA_PGE_BAY[AF],1882.0,1261708.0,175163.0
118,2066-08-01,Unmet_Dem_OUT_CA_PGE_BAY[AF],1913.0,1281448.0,177076.0
119,2066-09-01,Unmet_Dem_OUT_CA_PGE_BAY[AF],1968.0,1298177.0,179044.0
120,2066-10-01,Unmet_Dem_OUT_CA_PGE_BAY[AF],2057.0,1313364.0,181101.0
121,2066-11-01,Unmet_Dem_OUT_CA_PGE_BAY[AF],2051.0,1324870.0,183152.0
122,2066-12-01,Unmet_Dem_OUT_CA_PGE_BAY[AF],1348.0,1326319.0,184500.0
123,2067-04-01,Unmet_Dem_OUT_CA_PGE_BAY[AF],419.0,1329940.0,184919.0
124,2067-05-01,Unmet_Dem_OUT_CA_PGE_BAY[AF],804.0,1338917.0,185723.0
125,2067-06-01,Unmet_Dem_OUT_CA_PGE_BAY[AF],2473.0,1352179.0,188196.0
126,2067-07-01,Unmet_Dem_OUT_CA_PGE_BAY[AF],2197.0,1368487.0,190393.0
127,2067-08-01,Unmet_Dem_OUT_CA_PGE_BAY[AF],2881.0,1387936.0,193274.0
128,2067-09-01,Unmet_Dem_OUT_CA_PGE_BAY[AF],3294.0,1405492.0,196568.0
129,2067-10-01,Unmet_Dem_OUT_CA_PGE_BAY[AF],3442.0,1420704.0,200010.0
130,2067-11-01,Unmet_Dem_OUT_CA_PGE_BAY[AF],3430.0,1431974.0,203440.0
131,2069-08-01,Unmet_Dem_OUT_CA_PGE_BAY[AF],795.0,1479041.0,204235.0
132,2069-09-01,Unmet_Dem_OUT_CA_PGE_BAY[AF],1722.0,1488097.0,205957.0
133,2069-10-01,Unmet_Dem_OUT_CA_PGE_BAY[AF],1686.0,1497848.0,207643.0
134,2070-06-01,Unmet_Dem_OUT_CA_PGE_BAY[AF],1560.0,1540171.0,209203.0
135,2070-07-01,Unmet_Dem_OUT_CA_PGE_BAY[AF],1762.0,1558701.0,210965.0
136,2070-08-01,Unmet_Dem_OUT_CA_PGE_BAY[AF],2011.0,1577917.0,212976.0
137,2070-09-01,Unmet_Dem_OUT_CA_PGE_BAY[AF],1927.0,1592746.0,214903.0
138,2070-10-01,Unmet_Dem_OUT_CA_PGE_BAY[AF],2121.0,1607919.0,217024.0
139,2070-11-01,Unmet_Dem_OUT_CA_PGE_BAY[AF],1199.0,1619262.0,218223.0
140,2021-05-01,Unmet_Dem_OUT_CA_SCE_CEN[AF],40.0,400.0,40.0
141,2021-06-01,Unmet_Dem_OUT_CA_SCE_CEN[AF],59.0,779.0,99.0
142,2021-07-01,Unmet_Dem_OUT_CA_SCE_CEN[AF],120.0,1265.0,219.0
143,2021-08-01,Unmet_Dem_OUT_CA_SCE_CEN[AF],159.0,1509.0,378.0
144,2021-09-01,Unmet_Dem_OUT_CA_SCE_CEN[AF],132.0,2061.0,510.0
145,2021-10-01,Unmet_Dem_OUT_CA_SCE_CEN[AF],123.0,2641.0,633.0
146,2022-05-01,Unmet_Dem_OUT_CA_SCE_CEN[AF],66.0,3180.0,699.0
147,2022-06-01,Unmet_Dem_OUT_CA_SCE_CEN[AF],131.0,3911.0,830.0
148,2023-04-01,Unmet_Dem_OUT_CA_SCE_CEN[AF],25.0,4302.0,855.0
149,2023-05-01,Unmet_Dem_OUT_CA_SCE_CEN[AF],114.0,5299.0,969.0
150,2023-06-01,Unmet_Dem_OUT_CA_SCE_CEN[AF],207.0,6729.0,1176.0
151,2023-07-01,Unmet_Dem_OUT_CA_SCE_CEN[AF],485.0,8977.0,1661.0
152,2023-08-01,Unmet_Dem_OUT_CA_SCE_CEN[AF],514.0,9093.0,2175.0
153,2023-09-01,Unmet_Dem_OUT_CA_SCE_CEN[AF],138.0,9591.0,2313.0
154,2023-10-01,Unmet_Dem_OUT_CA_SCE_CEN[AF],267.0,9428.0,2580.0
155,2024-04-01,Unmet_Dem_OUT_CA_SCE_CEN[AF],204.0,10281.0,2784.0
156,2024-05-01,Unmet_Dem_OUT_CA_SCE_CEN[AF],236.0,11589.0,3020.0
157,2024-06-01,Unmet_Dem_OUT_CA_SCE_CEN[AF],393.0,13572.0,3413.0
158,2025-06-01,Unmet_Dem_OUT_CA_SCE_CEN[AF],198.0,16427.0,3611.0
159,2025-07-01,Unmet_Dem_OUT_CA_SCE_CEN[AF],54.0,16597.0,3665.0
160,2025-08-01,Unmet_Dem_OUT_CA_SCE_CEN[AF],2921.0,31574.0,6586.0
161,2025-09-01,Unmet_Dem_OUT_CA_SCE_CEN[AF],1595.0,40064.0,8181.0
162,2025-10-01,Unmet_Dem_OUT_CA_SCE_CEN[AF],950.0,43974.0,9131.0
163,2026-05-01,Unmet_Dem_OUT_CA_SCE_CEN[AF],342.0,48051.0,9473.0
164,2026-06-01,Unmet_Dem_OUT_CA_SCE_CEN[AF],665.0,51649.0,10138.0
165,2028-05-01,Unmet_Dem_OUT_CA_SCE_CEN[AF],462.0,54149.0,10600.0
166,2028-06-01,Unmet_Dem_OUT_CA_SCE_CEN[AF],792.0,58751.0,11392.0
167,2029-04-01,Unmet_Dem_OUT_CA_SCE_CEN[AF],498.0,60787.0,11890.0
168,2029-05-01,Unmet_Dem_OUT_CA_SCE_CEN[AF],620.0,64397.0,12510.0
169,2029-06-01,Unmet_Dem_OUT_CA_SCE_CEN[AF],950.0,69162.0,13460.0
170,2029-07-01,Unmet_Dem_OUT_CA_SCE_CEN[AF],1425.0,75797.0,14885.0
171,2029-08-01,Unmet_Dem_OUT_CA_SCE_CEN[AF],1111.0,82065.0,15996.0
172,2029-09-01,Unmet_Dem_OUT_CA_SCE_CEN[AF],745.0,87482.0,16741.0
173,2029-10-01,Unmet_Dem_OUT_CA_SCE_CEN[AF],983.0,92975.0,17724.0
174,2029-11-01,Unmet_Dem_OUT_CA_SCE_CEN[AF],969.0,98049.0,18693.0
175,2030-06-01,Unmet_Dem_OUT_CA_SCE_CEN[AF],13.0,102085.0,18706.0
176,2030-07-01,Unmet_Dem_OUT_CA_SCE_CEN[AF],896.0,106512.0,19602.0
177,2030-08-01,Unmet_Dem_OUT_CA_SCE_CEN[AF],263.0,108700.0,19865.0
178,2030-09-01,Unmet_Dem_OUT_CA_SCE_CEN[AF],1041.0,113899.0,20906.0
179,2030-10-01,Unmet_Dem_OUT_CA_SCE_CEN[AF],789.0,117837.0,21695.0
180,2034-05-01,Unmet_Dem_OUT_CA_SCE_CEN[AF],1087.0,122996.0,22782.0
181,2034-06-01,Unmet_Dem_OUT_CA_SCE_CEN[AF],1156.0,130739.0,23938.0
182,2034-07-01,Unmet_Dem_OUT_CA_SCE_CEN[AF],1870.0,139989.0,25808.0
183,2034-08-01,Unmet_Dem_OUT_CA_SCE_CEN[AF],591.0,144216.0,26399.0
184,2034-09-01,Unmet_Dem_OUT_CA_SCE_CEN[AF],1309.0,151018.0,27708.0
185,2034-10-01,Unmet_Dem_OUT_CA_SCE_CEN[AF],1552.0,158722.0,29260.0
186,2034-11-01,Unmet_Dem_OUT_CA_SCE_CEN[AF],1303.0,165397.0,30563.0
187,2035-06-01,Unmet_Dem_OUT_CA_SCE_CEN[AF],803.0,176274.0,31366.0
188,2035-08-01,Unmet_Dem_OUT_CA_SCE_CEN[AF],924.0,189330.0,32290.0
189,2035-09-01,Unmet_Dem_OUT_CA_SCE_CEN[AF],879.0,198262.0,33169.0
190,2035-10-01,Unmet_Dem_OUT_CA_SCE_CEN[AF],1158.0,207514.0,34327.0
191,2036-04-01,Unmet_Dem_OUT_CA_SCE_CEN[AF],500.0,222212.0,34827.0
192,2036-05-01,Unmet_Dem_OUT_CA_SCE_CEN[AF],1068.0,229185.0,35895.0
193,2036-06-01,Unmet_Dem_OUT_CA_SCE_CEN[AF],1686.0,238413.0,37581.0
194,2036-07-01,Unmet_Dem_OUT_CA_SCE_CEN[AF],1774.0,249426.0,39355.0
195,2036-08-01,Unmet_Dem_OUT_CA_SCE_CEN[AF],1626.0,260423.0,40981.0
196,2036-09-01,Unmet_Dem_OUT_CA_SCE_CEN[AF],1342.0,271650.0,42323.0
197,2036-11-01,Unmet_Dem_OUT_CA_SCE_CEN[AF],979.0,286006.0,43302.0
198,2037-05-01,Unmet_Dem_OUT_CA_SCE_CEN[AF],607.0,292958.0,43909.0
199,2037-06-01,Unmet_Dem_OUT_CA_SCE_CEN[AF],1490.0,302370.0,45399.0
200,2037-07-01,Unmet_Dem_OUT_CA_SCE_CEN[AF],2480.0,314393.0,47879.0
201,2037-08-01,Unmet_Dem_OUT_CA_SCE_CEN[AF],958.0,322499.0,48837.0
202,2037-09-01,Unmet_Dem_OUT_CA_SCE_CEN[AF],1214.0,332725.0,50051.0
203,2037-10-01,Unmet_Dem_OUT_CA_SCE_CEN[AF],1205.0,342566.0,51256.0
204,2038-06-01,Unmet_Dem_OUT_CA_SCE_CEN[AF],1363.0,361947.0,52619.0
205,2039-05-01,Unmet_Dem_OUT_CA_SCE_CEN[AF],1210.0,368978.0,53829.0
206,2039-06-01,Unmet_Dem_OUT_CA_SCE_CEN[AF],2192.0,380336.0,56021.0
207,2040-05-01,Unmet_Dem_OUT_CA_SCE_CEN[AF],1220.0,386912.0,57241.0
208,2040-06-01,Unmet_Dem_OUT_CA_SCE_CEN[AF],1674.0,395368.0,58915.0
209,2040-07-01,Unmet_Dem_OUT_CA_SCE_CEN[AF],266.0,396867.0,59181.0
210,2040-10-01,Unmet_Dem_OUT_CA_SCE_CEN[AF],836.0,405738.0,60017.0
211,2041-05-01,Unmet_Dem_OUT_CA_SCE_CEN[AF],275.0,410283.0,60292.0
212,2041-06-01,Unmet_Dem_OUT_CA_SCE_CEN[AF],1776.0,420690.0,62068.0
213,2041-07-01,Unmet_Dem_OUT_CA_SCE_CEN[AF],521.0,423513.0,62589.0
214,2042-06-01,Unmet_Dem_OUT_CA_SCE_CEN[AF],1724.0,433107.0,64313.0
215,2043-04-01,Unmet_Dem_OUT_CA_SCE_CEN[AF],1478.0,439793.0,65791.0
216,2043-05-01,Unmet_Dem_OUT_CA_SCE_CEN[AF],1830.0,450516.0,67621.0
217,2043-06-01,Unmet_Dem_OUT_CA_SCE_CEN[AF],2993.0,450468.0,70614.0
218,2043-07-01,Unmet_Dem_OUT_CA_SCE_CEN[AF],3428.0,462626.0,74042.0
219,2043-08-01,Unmet_Dem_OUT_CA_SCE_CEN[AF],2871.0,477676.0,76913.0
220,2043-09-01,Unmet_Dem_OUT_CA_SCE_CEN[AF],2122.0,492181.0,79035.0
221,2043-10-01,Unmet_Dem_OUT_CA_SCE_CEN[AF],2451.0,505597.0,81486.0
222,2044-04-01,Unmet_Dem_OUT_CA_SCE_CEN[AF],1893.0,521641.0,83379.0
223,2044-05-01,Unmet_Dem_OUT_CA_SCE_CEN[AF],1695.0,531077.0,85074.0
224,2044-06-01,Unmet_Dem_OUT_CA_SCE_CEN[AF],1904.0,540456.0,86978.0
225,2044-07-01,Unmet_Dem_OUT_CA_SCE_CEN[AF],3089.0,558020.0,90067.0
226,2044-08-01,Unmet_Dem_OUT_CA_SCE_CEN[AF],487.0,561020.0,90554.0
227,2044-09-01,Unmet_Dem_OUT_CA_SCE_CEN[AF],935.0,566550.0,91489.0
228,2044-10-01,Unmet_Dem_OUT_CA_SCE_CEN[AF],1952.0,574729.0,93441.0
229,2045-06-01,Unmet_Dem_OUT_CA_SCE_CEN[AF],55.0,584271.0,93496.0
230,2045-07-01,Unmet_Dem_OUT_CA_SCE_CEN[AF],2180.0,595291.0,95676.0
231,2045-08-01,Unmet_Dem_OUT_CA_SCE_CEN[AF],2487.0,605150.0,98163.0
232,2045-09-01,Unmet_Dem_OUT_CA_SCE_CEN[AF],2443.0,614810.0,100606.0
233,2045-10-01,Unmet_Dem_OUT_CA_SCE_CEN[AF],1989.0,622743.0,102595.0
234,2046-05-01,Unmet_Dem_OUT_CA_SCE_CEN[AF],1712.0,631546.0,104307.0
235,2046-06-01,Unmet_Dem_OUT_CA_SCE_CEN[AF],2731.0,645729.0,107038.0
236,2046-07-01,Unmet_Dem_OUT_CA_SCE_CEN[AF],424.0,647912.0,107462.0
237,2047-05-01,Unmet_Dem_OUT_CA_SCE_CEN[AF],1079.0,655069.0,108541.0
238,2047-06-01,Unmet_Dem_OUT_CA_SCE_CEN[AF],1942.0,666487.0,110483.0
239,2047-07-01,Unmet_Dem_OUT_CA_SCE_CEN[AF],1884.0,676422.0,112367.0
240,2047-10-01,Unmet_Dem_OUT_CA_SCE_CEN[AF],481.0,683020.0,112848.0
241,2047-11-01,Unmet_Dem_OUT_CA_SCE_CEN[AF],528.0,686659.0,113376.0
242,2049-05-01,Unmet_Dem_OUT_CA_SCE_CEN[AF],491.0,689622.0,113867.0
243,2049-06-01,Unmet_Dem_OUT_CA_SCE_CEN[AF],1975.0,700321.0,115842.0
244,2050-06-01,Unmet_Dem_OUT_CA_SCE_CEN[AF],455.0,709447.0,116297.0
245,2051-04-01,Unmet_Dem_OUT_CA_SCE_CEN[AF],1285.0,715523.0,117582.0
246,2051-05-01,Unmet_Dem_OUT_CA_SCE_CEN[AF],1925.0,724465.0,119507.0
247,2051-06-01,Unmet_Dem_OUT_CA_SCE_CEN[AF],2570.0,737297.0,122077.0
248,2051-07-01,Unmet_Dem_OUT_CA_SCE_CEN[AF],2636.0,750594.0,124713.0
249,2051-09-01,Unmet_Dem_OUT_CA_SCE_CEN[AF],738.0,757353.0,125451.0
250,2051-10-01,Unmet_Dem_OUT_CA_SCE_CEN[AF],129.0,760374.0,125580.0
251,2051-11-01,Unmet_Dem_OUT_CA_SCE_CEN[AF],417.0,763079.0,125997.0
252,2052-06-01,Unmet_Dem_OUT_CA_SCE_CEN[AF],1712.0,781599.0,127709.0
253,2052-07-01,Unmet_Dem_OUT_CA_SCE_CEN[AF],1938.0,792693.0,129647.0
254,2052-09-01,Unmet_Dem_OUT_CA_SCE_CEN[AF],991.0,799415.0,130638.0
255,2052-10-01,Unmet_Dem_OUT_CA_SCE_CEN[AF],1880.0,808900.0,132518.0
256,2052-11-01,Unmet_Dem_OUT_CA_SCE_CEN[AF],1056.0,813577.0,133574.0
257,2053-04-01,Unmet_Dem_OUT_CA_SCE_CEN[AF],747.0,816733.0,134321.0
258,2053-05-01,Unmet_Dem_OUT_CA_SCE_CEN[AF],1783.0,825492.0,136104.0
259,2053-06-01,Unmet_Dem_OUT_CA_SCE_CEN[AF],2606.0,838774.0,138710.0
260,2053-07-01,Unmet_Dem_OUT_CA_SCE_CEN[AF],1967.0,848945.0,140677.0
261,2053-08-01,Unmet_Dem_OUT_CA_SCE_CEN[AF],559.0,851713.0,141236.0
262,2053-09-01,Unmet_Dem_OUT_CA_SCE_CEN[AF],824.0,856592.0,142060.0
263,2053-10-01,Unmet_Dem_OUT_CA_SCE_CEN[AF],412.0,858881.0,142472.0
264,2053-11-01,Unmet_Dem_OUT_CA_SCE_CEN[AF],758.0,862341.0,143230.0
265,2054-04-01,Unmet_Dem_OUT_CA_SCE_CEN[AF],1309.0,867260.0,144539.0
266,2054-05-01,Unmet_Dem_OUT_CA_SCE_CEN[AF],2402.0,876536.0,146941.0
267,2054-06-01,Unmet_Dem_OUT_CA_SCE_CEN[AF],2753.0,889448.0,149694.0
268,2054-07-01,Unmet_Dem_OUT_CA_SCE_CEN[AF],3819.0,905565.0,153513.0
269,2054-08-01,Unmet_Dem_OUT_CA_SCE_CEN[AF],1349.0,913959.0,154862.0
270,2054-09-01,Unmet_Dem_OUT_CA_SCE_CEN[AF],1358.0,920576.0,156220.0
271,2054-10-01,Unmet_Dem_OUT_CA_SCE_CEN[AF],2255.0,929705.0,158475.0
272,2055-05-01,Unmet_Dem_OUT_CA_SCE_CEN[AF],1018.0,940701.0,159493.0
273,2055-06-01,Unmet_Dem_OUT_CA_SCE_CEN[AF],2162.0,952905.0,161655.0
274,2055-07-01,Unmet_Dem_OUT_CA_SCE_CEN[AF],1101.0,958590.0,162756.0
275,2055-08-01,Unmet_Dem_OUT_CA_SCE_CEN[AF],150.0,959344.0,162906.0
276,2055-09-01,Unmet_Dem_OUT_CA_SCE_CEN[AF],489.0,961311.0,163395.0
277,2056-05-01,Unmet_Dem_OUT_CA_SCE_CEN[AF],1174.0,968631.0,164569.0
278,2056-06-01,Unmet_Dem_OUT_CA_SCE_CEN[AF],2191.0,980871.0,166760.0
279,2056-07-01,Unmet_Dem_OUT_CA_SCE_CEN[AF],3263.0,998392.0,170023.0
280,2056-08-01,Unmet_Dem_OUT_CA_SCE_CEN[AF],1152.0,1005966.0,171175.0
281,2056-09-01,Unmet_Dem_OUT_CA_SCE_CEN[AF],749.0,1011207.0,171924.0
282,2056-10-01,Unmet_Dem_OUT_CA_SCE_CEN[AF],-2454.0,1016417.0,169470.0
283,2057-05-01,Unmet_Dem_OUT_CA_SCE_CEN[AF],879.0,1023203.0,170349.0
284,2057-06-01,Unmet_Dem_OUT_CA_SCE_CEN[AF],1938.0,1034580.0,172287.0
285,2057-07-01,Unmet_Dem_OUT_CA_SCE_CEN[AF],3159.0,1050783.0,175446.0
286,2057-08-01,Unmet_Dem_OUT_CA_SCE_CEN[AF],545.0,1056045.0,175991.0
287,2057-09-01,Unmet_Dem_OUT_CA_SCE_CEN[AF],597.0,1060860.0,176588.0
288,2057-10-01,Unmet_Dem_OUT_CA_SCE_CEN[AF],1532.0,1069228.0,178120.0
289,2057-11-01,Unmet_Dem_OUT_CA_SCE_CEN[AF],959.0,1075105.0,179079.0
290,2058-06-01,Unmet_Dem_OUT_CA_SCE_CEN[AF],1507.0,1085236.0,180586.0
291,2058-07-01,Unmet_Dem_OUT_CA_SCE_CEN[AF],363.0,1087234.0,180949.0
292,2058-08-01,Unmet_Dem_OUT_CA_SCE_CEN[AF],48.0,1087510.0,180997.0
293,2058-09-01,Unmet_Dem_OUT_CA_SCE_CEN[AF],457.0,1089335.0,181454.0
294,2059-06-01,Unmet_Dem_OUT_CA_SCE_CEN[AF],1948.0,1102327.0,183402.0
295,2059-07-01,Unmet_Dem_OUT_CA_SCE_CEN[AF],935.0,1107153.0,184337.0
296,2059-08-01,Unmet_Dem_OUT_CA_SCE_CEN[AF],369.0,1109514.0,184706.0
297,2059-09-01,Unmet_Dem_OUT_CA_SCE_CEN[AF],5.0,1110727.0,184711.0
298,2059-10-01,Unmet_Dem_OUT_CA_SCE_CEN[AF],666.0,1114018.0,185377.0
299,2059-11-01,Unmet_Dem_OUT_CA_SCE_CEN[AF],270.0,1115745.0,185647.0
300,2060-06-01,Unmet_Dem_OUT_CA_SCE_CEN[AF],499.0,1125629.0,186146.0
301,2060-07-01,Unmet_Dem_OUT_CA_SCE_CEN[AF],1182.0,1132594.0,187328.0
302,2060-09-01,Unmet_Dem_OUT_CA_SCE_CEN[AF],1508.0,1138754.0,188836.0
303,2060-10-01,Unmet_Dem_OUT_CA_SCE_CEN[AF],1961.0,1147034.0,190797.0
304,2060-11-01,Unmet_Dem_OUT_CA_SCE_CEN[AF],412.0,1148284.0,191209.0
305,2061-09-01,Unmet_Dem_OUT_CA_SCE_CEN[AF],297.0,1149445.0,191506.0
306,2062-09-01,Unmet_Dem_OUT_CA_SCE_CEN[AF],8.0,1149435.0,191514.0
307,2065-05-01,Unmet_Dem_OUT_CA_SCE_CEN[AF],1979.0,1159479.0,193493.0
308,2065-06-01,Unmet_Dem_OUT_CA_SCE_CEN[AF],2426.0,1172735.0,195919.0
309,2065-07-01,Unmet_Dem_OUT_CA_SCE_CEN[AF],1712.0,1181833.0,197631.0
310,2065-08-01,Unmet_Dem_OUT_CA_SCE_CEN[AF],550.0,1185056.0,198181.0
311,2065-09-01,Unmet_Dem_OUT_CA_SCE_CEN[AF],814.0,1190227.0,198995.0
312,2065-10-01,Unmet_Dem_OUT_CA_SCE_CEN[AF],1280.0,1197121.0,200275.0
313,2065-11-01,Unmet_Dem_OUT_CA_SCE_CEN[AF],1443.0,1204417.0,201718.0
314,2066-03-01,Unmet_Dem_OUT_CA_SCE_CEN[AF],445.0,1208028.0,202163.0
315,2066-04-01,Unmet_Dem_OUT_CA_SCE_CEN[AF],1346.0,1215789.0,203509.0
316,2066-05-01,Unmet_Dem_OUT_CA_SCE_CEN[AF],2220.0,1227437.0,205729.0
317,2066-06-01,Unmet_Dem_OUT_CA_SCE_CEN[AF],2765.0,1242538.0,208494.0
318,2066-07-01,Unmet_Dem_OUT_CA_SCE_CEN[AF],3631.0,1261708.0,212125.0
319,2066-08-01,Unmet_Dem_OUT_CA_SCE_CEN[AF],3882.0,1281448.0,216007.0
320,2066-09-01,Unmet_Dem_OUT_CA_SCE_CEN[AF],3527.0,1298177.0,219534.0
321,2066-10-01,Unmet_Dem_OUT_CA_SCE_CEN[AF],3291.0,1313364.0,222825.0
322,2066-11-01,Unmet_Dem_OUT_CA_SCE_CEN[AF],2324.0,1324870.0,225149.0
323,2067-04-01,Unmet_Dem_OUT_CA_SCE_CEN[AF],113.0,1329940.0,225262.0
324,2067-05-01,Unmet_Dem_OUT_CA_SCE_CEN[AF],1430.0,1338917.0,226692.0
325,2067-06-01,Unmet_Dem_OUT_CA_SCE_CEN[AF],2040.0,1352179.0,228732.0
326,2067-07-01,Unmet_Dem_OUT_CA_SCE_CEN[AF],2988.0,1368487.0,231720.0
327,2067-08-01,Unmet_Dem_OUT_CA_SCE_CEN[AF],3564.0,1387936.0,235284.0
328,2067-09-01,Unmet_Dem_OUT_CA_SCE_CEN[AF],3199.0,1405492.0,238483.0
329,2067-10-01,Unmet_Dem_OUT_CA_SCE_CEN[AF],3326.0,1420704.0,241809.0
330,2067-11-01,Unmet_Dem_OUT_CA_SCE_CEN[AF],2360.0,1431974.0,244169.0
331,2068-09-01,Unmet_Dem_OUT_CA_SCE_CEN[AF],485.0,1434903.0,244654.0
332,2068-12-01,Unmet_Dem_OUT_CA_SCE_CEN[AF],576.0,1436818.0,245230.0
333,2069-05-01,Unmet_Dem_OUT_CA_SCE_CEN[AF],289.0,1444160.0,245519.0
334,2069-06-01,Unmet_Dem_OUT_CA_SCE_CEN[AF],1883.0,1456973.0,247402.0
335,2069-07-01,Unmet_Dem_OUT_CA_SCE_CEN[AF],2509.0,1470620.0,249911.0
336,2069-08-01,Unmet_Dem_OUT_CA_SCE_CEN[AF],1461.0,1479041.0,251372.0
337,2069-09-01,Unmet_Dem_OUT_CA_SCE_CEN[AF],1676.0,1488097.0,253048.0
338,2069-10-01,Unmet_Dem_OUT_CA_SCE_CEN[AF],1967.0,1497848.0,255015.0
339,2069-11-01,Unmet_Dem_OUT_CA_SCE_CEN[AF],1079.0,1503212.0,256094.0
340,2070-03-01,Unmet_Dem_OUT_CA_SCE_CEN[AF],405.0,1506103.0,256499.0
341,2070-04-01,Unmet_Dem_OUT_CA_SCE_CEN[AF],1523.0,1514794.0,258022.0
342,2070-05-01,Unmet_Dem_OUT_CA_SCE_CEN[AF],2053.0,1525550.0,260075.0
343,2070-06-01,Unmet_Dem_OUT_CA_SCE_CEN[AF],2508.0,1540171.0,262583.0
344,2070-07-01,Unmet_Dem_OUT_CA_SCE_CEN[AF],3639.0,1558701.0,266222.0
345,2070-08-01,Unmet_Dem_OUT_CA_SCE_CEN[AF],3401.0,1577917.0,269623.0
346,2070-09-01,Unmet_Dem_OUT_CA_SCE_CEN[AF],2841.0,1592746.0,272464.0
347,2070-10-01,Unmet_Dem_OUT_CA_SCE_CEN[AF],3207.0,1607919.0,275671.0
348,2070-11-01,Unmet_Dem_OUT_CA_SCE_CEN[AF],2344.0,1619262.0,278015.0
349,2070-12-01,Unmet_Dem_OUT_CA_SCE_CEN[AF],1785.0,1628044.0,279800.0
350,2021-04-01,Unmet_Dem_OUT_CA_SCE_S[AF],116.0,116.0,116.0
351,2021-05-01,Unmet_Dem_OUT_CA_SCE_S[AF],157.0,400.0,273.0
352,2021-06-01,Unmet_Dem_OUT_CA_SCE_S[AF],207.0,779.0,480.0
353,2021-07-01,Unmet_Dem_OUT_CA_SCE_S[AF],366.0,1265.0,846.0
354,2021-09-01,Unmet_Dem_OUT_CA_SCE_S[AF],293.0,2061.0,1139.0
355,2021-10-01,Unmet_Dem_OUT_CA_SCE_S[AF],317.0,2641.0,1456.0
356,2021-11-01,Unmet_Dem_OUT_CA_SCE_S[AF],170.0,2824.0,1626.0
357,2022-05-01,Unmet_Dem_OUT_CA_SCE_S[AF],290.0,3180.0,1916.0
358,2022-06-01,Unmet_Dem_OUT_CA_SCE_S[AF],428.0,3911.0,2344.0
359,2023-04-01,Unmet_Dem_OUT_CA_SCE_S[AF],253.0,4302.0,2597.0
360,2023-05-01,Unmet_Dem_OUT_CA_SCE_S[AF],446.0,5299.0,3043.0
361,2023-06-01,Unmet_Dem_OUT_CA_SCE_S[AF],690.0,6729.0,3733.0
362,2023-07-01,Unmet_Dem_OUT_CA_SCE_S[AF],1490.0,8977.0,5223.0
363,2023-08-01,Unmet_Dem_OUT_CA_SCE_S[AF],1556.0,9093.0,6779.0
364,2023-09-01,Unmet_Dem_OUT_CA_SCE_S[AF],376.0,9591.0,7155.0
365,2023-10-01,Unmet_Dem_OUT_CA_SCE_S[AF],-423.0,9428.0,6732.0
366,2024-04-01,Unmet_Dem_OUT_CA_SCE_S[AF],657.0,10281.0,7389.0
367,2024-05-01,Unmet_Dem_OUT_CA_SCE_S[AF],728.0,11589.0,8117.0
368,2024-06-01,Unmet_Dem_OUT_CA_SCE_S[AF],1168.0,13572.0,9285.0
369,2025-06-01,Unmet_Dem_OUT_CA_SCE_S[AF],559.0,16427.0,9844.0
370,2025-07-01,Unmet_Dem_OUT_CA_SCE_S[AF],175.0,16597.0,10019.0
371,2025-08-01,Unmet_Dem_OUT_CA_SCE_S[AF],8999.0,31574.0,19018.0
372,2025-09-01,Unmet_Dem_OUT_CA_SCE_S[AF],4685.0,40064.0,23703.0
373,2025-10-01,Unmet_Dem_OUT_CA_SCE_S[AF],2828.0,43974.0,26531.0
374,2025-11-01,Unmet_Dem_OUT_CA_SCE_S[AF],1662.0,45735.0,28193.0
375,2026-05-01,Unmet_Dem_OUT_CA_SCE_S[AF],999.0,48051.0,29192.0
376,2026-06-01,Unmet_Dem_OUT_CA_SCE_S[AF],2094.0,51649.0,31286.0
377,2028-05-01,Unmet_Dem_OUT_CA_SCE_S[AF],1306.0,54149.0,32592.0
378,2028-06-01,Unmet_Dem_OUT_CA_SCE_S[AF],2764.0,58751.0,35356.0
379,2029-04-01,Unmet_Dem_OUT_CA_SCE_S[AF],1577.0,60787.0,36933.0
380,2029-05-01,Unmet_Dem_OUT_CA_SCE_S[AF],1631.0,64397.0,38564.0
381,2029-06-01,Unmet_Dem_OUT_CA_SCE_S[AF],2862.0,69162.0,41426.0
382,2029-07-01,Unmet_Dem_OUT_CA_SCE_S[AF],4337.0,75797.0,45763.0
383,2029-08-01,Unmet_Dem_OUT_CA_SCE_S[AF],3350.0,82065.0,49113.0
384,2029-09-01,Unmet_Dem_OUT_CA_SCE_S[AF],2255.0,87482.0,51368.0
385,2029-10-01,Unmet_Dem_OUT_CA_SCE_S[AF],2944.0,92975.0,54312.0
386,2029-11-01,Unmet_Dem_OUT_CA_SCE_S[AF],2979.0,98049.0,57291.0
387,2030-05-01,Unmet_Dem_OUT_CA_SCE_S[AF],946.0,99119.0,58237.0
388,2030-06-01,Unmet_Dem_OUT_CA_SCE_S[AF],2060.0,102085.0,60297.0
389,2030-07-01,Unmet_Dem_OUT_CA_SCE_S[AF],3519.0,106512.0,63816.0
390,2030-08-01,Unmet_Dem_OUT_CA_SCE_S[AF],841.0,108700.0,64657.0
391,2030-09-01,Unmet_Dem_OUT_CA_SCE_S[AF],3047.0,113899.0,67704.0
392,2030-10-01,Unmet_Dem_OUT_CA_SCE_S[AF],2231.0,117837.0,69935.0
393,2030-11-01,Unmet_Dem_OUT_CA_SCE_S[AF],1907.0,119768.0,71842.0
394,2031-06-01,Unmet_Dem_OUT_CA_SCE_S[AF],429.0,120255.0,72271.0
395,2034-05-01,Unmet_Dem_OUT_CA_SCE_S[AF],1657.0,122996.0,73928.0
396,2034-06-01,Unmet_Dem_OUT_CA_SCE_S[AF],4118.0,130739.0,78046.0
397,2034-07-01,Unmet_Dem_OUT_CA_SCE_S[AF],6004.0,139989.0,84050.0
398,2034-08-01,Unmet_Dem_OUT_CA_SCE_S[AF],1742.0,144216.0,85792.0
399,2034-09-01,Unmet_Dem_OUT_CA_SCE_S[AF],4064.0,151018.0,89856.0
400,2034-10-01,Unmet_Dem_OUT_CA_SCE_S[AF],4786.0,158722.0,94642.0
401,2034-11-01,Unmet_Dem_OUT_CA_SCE_S[AF],4060.0,165397.0,98702.0
402,2035-05-01,Unmet_Dem_OUT_CA_SCE_S[AF],479.0,167490.0,99181.0
403,2035-06-01,Unmet_Dem_OUT_CA_SCE_S[AF],3382.0,176274.0,102563.0
404,2035-08-01,Unmet_Dem_OUT_CA_SCE_S[AF],2643.0,189330.0,105206.0
405,2035-09-01,Unmet_Dem_OUT_CA_SCE_S[AF],2620.0,198262.0,107826.0
406,2035-10-01,Unmet_Dem_OUT_CA_SCE_S[AF],3903.0,207514.0,111729.0
407,2035-11-01,Unmet_Dem_OUT_CA_SCE_S[AF],4593.0,214254.0,116322.0
408,2035-12-01,Unmet_Dem_OUT_CA_SCE_S[AF],2067.0,217118.0,118389.0
409,2036-01-01,Unmet_Dem_OUT_CA_SCE_S[AF],2278.0,219417.0,120667.0
410,2036-04-01,Unmet_Dem_OUT_CA_SCE_S[AF],2278.0,222212.0,122945.0
411,2036-05-01,Unmet_Dem_OUT_CA_SCE_S[AF],3615.0,229185.0,126560.0
412,2036-06-01,Unmet_Dem_OUT_CA_SCE_S[AF],5346.0,238413.0,131906.0
413,2036-07-01,Unmet_Dem_OUT_CA_SCE_S[AF],5336.0,249426.0,137242.0
414,2036-08-01,Unmet_Dem_OUT_CA_SCE_S[AF],4709.0,260423.0,141951.0
415,2036-09-01,Unmet_Dem_OUT_CA_SCE_S[AF],4704.0,271650.0,146655.0
416,2036-10-01,Unmet_Dem_OUT_CA_SCE_S[AF],2049.0,278657.0,148704.0
417,2036-11-01,Unmet_Dem_OUT_CA_SCE_S[AF],3414.0,286006.0,152118.0
418,2037-05-01,Unmet_Dem_OUT_CA_SCE_S[AF],2121.0,292958.0,154239.0
419,2037-06-01,Unmet_Dem_OUT_CA_SCE_S[AF],4304.0,302370.0,158543.0
420,2037-07-01,Unmet_Dem_OUT_CA_SCE_S[AF],7240.0,314393.0,165783.0
421,2037-08-01,Unmet_Dem_OUT_CA_SCE_S[AF],2782.0,322499.0,168565.0
422,2037-09-01,Unmet_Dem_OUT_CA_SCE_S[AF],3518.0,332725.0,172083.0
423,2037-10-01,Unmet_Dem_OUT_CA_SCE_S[AF],2611.0,342566.0,174694.0
424,2037-11-01,Unmet_Dem_OUT_CA_SCE_S[AF],2540.0,347685.0,177234.0
425,2038-05-01,Unmet_Dem_OUT_CA_SCE_S[AF],2950.0,353522.0,180184.0
426,2038-06-01,Unmet_Dem_OUT_CA_SCE_S[AF],4945.0,361947.0,185129.0
427,2039-05-01,Unmet_Dem_OUT_CA_SCE_S[AF],3836.0,368978.0,188965.0
428,2039-06-01,Unmet_Dem_OUT_CA_SCE_S[AF],6632.0,380336.0,195597.0
429,2040-05-01,Unmet_Dem_OUT_CA_SCE_S[AF],3618.0,386912.0,199215.0
430,2040-06-01,Unmet_Dem_OUT_CA_SCE_S[AF],4887.0,395368.0,204102.0
431,2040-07-01,Unmet_Dem_OUT_CA_SCE_S[AF],777.0,396867.0,204879.0
432,2040-10-01,Unmet_Dem_OUT_CA_SCE_S[AF],2551.0,405738.0,207430.0
433,2041-05-01,Unmet_Dem_OUT_CA_SCE_S[AF],2755.0,410283.0,210185.0
434,2041-06-01,Unmet_Dem_OUT_CA_SCE_S[AF],6057.0,420690.0,216242.0
435,2041-07-01,Unmet_Dem_OUT_CA_SCE_S[AF],1613.0,423513.0,217855.0
436,2042-06-01,Unmet_Dem_OUT_CA_SCE_S[AF],5516.0,433107.0,223371.0
437,2043-04-01,Unmet_Dem_OUT_CA_SCE_S[AF],4631.0,439793.0,228002.0
438,2043-05-01,Unmet_Dem_OUT_CA_SCE_S[AF],5530.0,450516.0,233532.0
439,2043-06-01,Unmet_Dem_OUT_CA_SCE_S[AF],-8709.0,450468.0,224823.0
440,2043-07-01,Unmet_Dem_OUT_CA_SCE_S[AF],5939.0,462626.0,230762.0
441,2043-08-01,Unmet_Dem_OUT_CA_SCE_S[AF],7037.0,477676.0,237799.0
442,2043-09-01,Unmet_Dem_OUT_CA_SCE_S[AF],6056.0,492181.0,243855.0
443,2043-10-01,Unmet_Dem_OUT_CA_SCE_S[AF],7276.0,505597.0,251131.0
444,2043-11-01,Unmet_Dem_OUT_CA_SCE_S[AF],6979.0,512589.0,258110.0
445,2044-04-01,Unmet_Dem_OUT_CA_SCE_S[AF],6813.0,521641.0,264923.0
446,2044-05-01,Unmet_Dem_OUT_CA_SCE_S[AF],5384.0,531077.0,270307.0
447,2044-06-01,Unmet_Dem_OUT_CA_SCE_S[AF],5704.0,540456.0,276011.0
448,2044-07-01,Unmet_Dem_OUT_CA_SCE_S[AF],9048.0,558020.0,285059.0
449,2044-08-01,Unmet_Dem_OUT_CA_SCE_S[AF],1422.0,561020.0,286481.0
450,2044-09-01,Unmet_Dem_OUT_CA_SCE_S[AF],2873.0,566550.0,289354.0
451,2044-10-01,Unmet_Dem_OUT_CA_SCE_S[AF],6167.0,574729.0,295521.0
452,2044-11-01,Unmet_Dem_OUT_CA_SCE_S[AF],3807.0,578579.0,299328.0
453,2045-06-01,Unmet_Dem_OUT_CA_SCE_S[AF],4212.0,584271.0,303540.0
454,2045-07-01,Unmet_Dem_OUT_CA_SCE_S[AF],8153.0,595291.0,311693.0
455,2045-08-01,Unmet_Dem_OUT_CA_SCE_S[AF],7392.0,605150.0,319085.0
456,2045-09-01,Unmet_Dem_OUT_CA_SCE_S[AF],7249.0,614810.0,326334.0
457,2045-10-01,Unmet_Dem_OUT_CA_SCE_S[AF],5949.0,622743.0,332283.0
458,2046-05-01,Unmet_Dem_OUT_CA_SCE_S[AF],4939.0,631546.0,337222.0
459,2046-06-01,Unmet_Dem_OUT_CA_SCE_S[AF],8191.0,645729.0,345413.0
460,2046-07-01,Unmet_Dem_OUT_CA_SCE_S[AF],1226.0,647912.0,346639.0
461,2047-05-01,Unmet_Dem_OUT_CA_SCE_S[AF],4053.0,655069.0,350692.0
462,2047-06-01,Unmet_Dem_OUT_CA_SCE_S[AF],6937.0,666487.0,357629.0
463,2047-07-01,Unmet_Dem_OUT_CA_SCE_S[AF],5721.0,676422.0,363350.0
464,2047-10-01,Unmet_Dem_OUT_CA_SCE_S[AF],1803.0,683020.0,365153.0
465,2047-11-01,Unmet_Dem_OUT_CA_SCE_S[AF],1620.0,686659.0,366773.0
466,2049-05-01,Unmet_Dem_OUT_CA_SCE_S[AF],2220.0,689622.0,368993.0
467,2049-06-01,Unmet_Dem_OUT_CA_SCE_S[AF],6292.0,700321.0,375285.0
468,2050-06-01,Unmet_Dem_OUT_CA_SCE_S[AF],6157.0,709447.0,381442.0
469,2051-04-01,Unmet_Dem_OUT_CA_SCE_S[AF],4728.0,715523.0,386170.0
470,2051-05-01,Unmet_Dem_OUT_CA_SCE_S[AF],5666.0,724465.0,391836.0
471,2051-06-01,Unmet_Dem_OUT_CA_SCE_S[AF],7833.0,737297.0,399669.0
472,2051-07-01,Unmet_Dem_OUT_CA_SCE_S[AF],7603.0,750594.0,407272.0
473,2051-09-01,Unmet_Dem_OUT_CA_SCE_S[AF],2187.0,757353.0,409459.0
474,2051-10-01,Unmet_Dem_OUT_CA_SCE_S[AF],1068.0,760374.0,410527.0
475,2051-11-01,Unmet_Dem_OUT_CA_SCE_S[AF],1892.0,763079.0,412419.0
476,2052-05-01,Unmet_Dem_OUT_CA_SCE_S[AF],4129.0,769235.0,416548.0
477,2052-06-01,Unmet_Dem_OUT_CA_SCE_S[AF],7633.0,781599.0,424181.0
478,2052-07-01,Unmet_Dem_OUT_CA_SCE_S[AF],6498.0,792693.0,430679.0
479,2052-09-01,Unmet_Dem_OUT_CA_SCE_S[AF],2951.0,799415.0,433630.0
480,2052-10-01,Unmet_Dem_OUT_CA_SCE_S[AF],5664.0,808900.0,439294.0
481,2052-11-01,Unmet_Dem_OUT_CA_SCE_S[AF],3577.0,813577.0,442871.0
482,2053-04-01,Unmet_Dem_OUT_CA_SCE_S[AF],2349.0,816733.0,445220.0
483,2053-05-01,Unmet_Dem_OUT_CA_SCE_S[AF],5409.0,825492.0,450629.0
484,2053-06-01,Unmet_Dem_OUT_CA_SCE_S[AF],7786.0,838774.0,458415.0
485,2053-07-01,Unmet_Dem_OUT_CA_SCE_S[AF],5829.0,848945.0,464244.0
486,2053-08-01,Unmet_Dem_OUT_CA_SCE_S[AF],1538.0,851713.0,465782.0
487,2053-09-01,Unmet_Dem_OUT_CA_SCE_S[AF],2471.0,856592.0,468253.0
488,2053-10-01,Unmet_Dem_OUT_CA_SCE_S[AF],1575.0,858881.0,469828.0
489,2053-11-01,Unmet_Dem_OUT_CA_SCE_S[AF],2423.0,862341.0,472251.0
490,2054-04-01,Unmet_Dem_OUT_CA_SCE_S[AF],3526.0,867260.0,475777.0
491,2054-05-01,Unmet_Dem_OUT_CA_SCE_S[AF],5254.0,876536.0,481031.0
492,2054-06-01,Unmet_Dem_OUT_CA_SCE_S[AF],7539.0,889448.0,488570.0
493,2054-07-01,Unmet_Dem_OUT_CA_SCE_S[AF],11245.0,905565.0,499815.0
494,2054-08-01,Unmet_Dem_OUT_CA_SCE_S[AF],3634.0,913959.0,503449.0
495,2054-09-01,Unmet_Dem_OUT_CA_SCE_S[AF],3935.0,920576.0,507384.0
496,2054-10-01,Unmet_Dem_OUT_CA_SCE_S[AF],6860.0,929705.0,514244.0
497,2054-11-01,Unmet_Dem_OUT_CA_SCE_S[AF],2671.0,932396.0,516915.0
498,2055-05-01,Unmet_Dem_OUT_CA_SCE_S[AF],5109.0,940701.0,522024.0
499,2055-06-01,Unmet_Dem_OUT_CA_SCE_S[AF],7102.0,952905.0,529126.0
500,2055-07-01,Unmet_Dem_OUT_CA_SCE_S[AF],3238.0,958590.0,532364.0
501,2055-08-01,Unmet_Dem_OUT_CA_SCE_S[AF],413.0,959344.0,532777.0
502,2055-09-01,Unmet_Dem_OUT_CA_SCE_S[AF],1472.0,961311.0,534249.0
503,2056-05-01,Unmet_Dem_OUT_CA_SCE_S[AF],4348.0,968631.0,538597.0
504,2056-06-01,Unmet_Dem_OUT_CA_SCE_S[AF],7241.0,980871.0,545838.0
505,2056-07-01,Unmet_Dem_OUT_CA_SCE_S[AF],10172.0,998392.0,556010.0
506,2056-08-01,Unmet_Dem_OUT_CA_SCE_S[AF],3264.0,1005966.0,559274.0
507,2056-09-01,Unmet_Dem_OUT_CA_SCE_S[AF],2657.0,1011207.0,561931.0
508,2056-10-01,Unmet_Dem_OUT_CA_SCE_S[AF],5211.0,1016417.0,567142.0
509,2057-05-01,Unmet_Dem_OUT_CA_SCE_S[AF],4291.0,1023203.0,571433.0
510,2057-06-01,Unmet_Dem_OUT_CA_SCE_S[AF],6738.0,1034580.0,578171.0
511,2057-07-01,Unmet_Dem_OUT_CA_SCE_S[AF],9193.0,1050783.0,587364.0
512,2057-08-01,Unmet_Dem_OUT_CA_SCE_S[AF],1369.0,1056045.0,588733.0
513,2057-09-01,Unmet_Dem_OUT_CA_SCE_S[AF],1580.0,1060860.0,590313.0
514,2057-10-01,Unmet_Dem_OUT_CA_SCE_S[AF],4502.0,1069228.0,594815.0
515,2057-11-01,Unmet_Dem_OUT_CA_SCE_S[AF],3080.0,1075105.0,597895.0
516,2058-06-01,Unmet_Dem_OUT_CA_SCE_S[AF],6048.0,1085236.0,603943.0
517,2058-07-01,Unmet_Dem_OUT_CA_SCE_S[AF],1155.0,1087234.0,605098.0
518,2058-08-01,Unmet_Dem_OUT_CA_SCE_S[AF],153.0,1087510.0,605251.0
519,2058-09-01,Unmet_Dem_OUT_CA_SCE_S[AF],1350.0,1089335.0,606601.0
520,2059-05-01,Unmet_Dem_OUT_CA_SCE_S[AF],1084.0,1091204.0,607685.0
521,2059-06-01,Unmet_Dem_OUT_CA_SCE_S[AF],6427.0,1102327.0,614112.0
522,2059-07-01,Unmet_Dem_OUT_CA_SCE_S[AF],2762.0,1107153.0,616874.0
523,2059-08-01,Unmet_Dem_OUT_CA_SCE_S[AF],1116.0,1109514.0,617990.0
524,2059-09-01,Unmet_Dem_OUT_CA_SCE_S[AF],646.0,1110727.0,618636.0
525,2059-10-01,Unmet_Dem_OUT_CA_SCE_S[AF],2623.0,1114018.0,621259.0
526,2059-11-01,Unmet_Dem_OUT_CA_SCE_S[AF],1457.0,1115745.0,622716.0
527,2060-05-01,Unmet_Dem_OUT_CA_SCE_S[AF],721.0,1117495.0,623437.0
528,2060-06-01,Unmet_Dem_OUT_CA_SCE_S[AF],5248.0,1125629.0,628685.0
529,2060-07-01,Unmet_Dem_OUT_CA_SCE_S[AF],3986.0,1132594.0,632671.0
530,2060-09-01,Unmet_Dem_OUT_CA_SCE_S[AF],4642.0,1138754.0,637313.0
531,2060-10-01,Unmet_Dem_OUT_CA_SCE_S[AF],5969.0,1147034.0,643282.0
532,2060-11-01,Unmet_Dem_OUT_CA_SCE_S[AF],838.0,1148284.0,644120.0
533,2061-09-01,Unmet_Dem_OUT_CA_SCE_S[AF],856.0,1149445.0,644976.0
534,2062-09-01,Unmet_Dem_OUT_CA_SCE_S[AF],23.0,1149435.0,644999.0
535,2064-06-01,Unmet_Dem_OUT_CA_SCE_S[AF],317.0,1150349.0,645316.0
536,2065-05-01,Unmet_Dem_OUT_CA_SCE_S[AF],4844.0,1159479.0,650160.0
537,2065-06-01,Unmet_Dem_OUT_CA_SCE_S[AF],7874.0,1172735.0,658034.0
538,2065-07-01,Unmet_Dem_OUT_CA_SCE_S[AF],5241.0,1181833.0,663275.0
539,2065-08-01,Unmet_Dem_OUT_CA_SCE_S[AF],1576.0,1185056.0,664851.0
540,2065-09-01,Unmet_Dem_OUT_CA_SCE_S[AF],2493.0,1190227.0,667344.0
541,2065-10-01,Unmet_Dem_OUT_CA_SCE_S[AF],4007.0,1197121.0,671351.0
542,2065-11-01,Unmet_Dem_OUT_CA_SCE_S[AF],4642.0,1204417.0,675993.0
543,2066-03-01,Unmet_Dem_OUT_CA_SCE_S[AF],3055.0,1208028.0,679048.0
544,2066-04-01,Unmet_Dem_OUT_CA_SCE_S[AF],4781.0,1215789.0,683829.0
545,2066-05-01,Unmet_Dem_OUT_CA_SCE_S[AF],4957.0,1227437.0,688786.0
546,2066-06-01,Unmet_Dem_OUT_CA_SCE_S[AF],5644.0,1242538.0,694430.0
547,2066-07-01,Unmet_Dem_OUT_CA_SCE_S[AF],9972.0,1261708.0,704402.0
548,2066-08-01,Unmet_Dem_OUT_CA_SCE_S[AF],10522.0,1281448.0,714924.0
549,2066-09-01,Unmet_Dem_OUT_CA_SCE_S[AF],9945.0,1298177.0,724869.0
550,2066-10-01,Unmet_Dem_OUT_CA_SCE_S[AF],9497.0,1313364.0,734366.0
551,2066-11-01,Unmet_Dem_OUT_CA_SCE_S[AF],7040.0,1324870.0,741406.0
552,2067-04-01,Unmet_Dem_OUT_CA_SCE_S[AF],2527.0,1329940.0,743933.0
553,2067-05-01,Unmet_Dem_OUT_CA_SCE_S[AF],4019.0,1338917.0,747952.0
554,2067-06-01,Unmet_Dem_OUT_CA_SCE_S[AF],5002.0,1352179.0,752954.0
555,2067-07-01,Unmet_Dem_OUT_CA_SCE_S[AF],8282.0,1368487.0,761236.0
556,2067-08-01,Unmet_Dem_OUT_CA_SCE_S[AF],9547.0,1387936.0,770783.0
557,2067-09-01,Unmet_Dem_OUT_CA_SCE_S[AF],8916.0,1405492.0,779699.0
558,2067-10-01,Unmet_Dem_OUT_CA_SCE_S[AF],7140.0,1420704.0,786839.0
559,2067-11-01,Unmet_Dem_OUT_CA_SCE_S[AF],5457.0,1431974.0,792296.0
560,2068-09-01,Unmet_Dem_OUT_CA_SCE_S[AF],1480.0,1434903.0,793776.0
561,2068-12-01,Unmet_Dem_OUT_CA_SCE_S[AF],721.0,1436818.0,794497.0
562,2069-05-01,Unmet_Dem_OUT_CA_SCE_S[AF],4842.0,1444160.0,799339.0
563,2069-06-01,Unmet_Dem_OUT_CA_SCE_S[AF],7914.0,1456973.0,807253.0
564,2069-07-01,Unmet_Dem_OUT_CA_SCE_S[AF],7952.0,1470620.0,815205.0
565,2069-08-01,Unmet_Dem_OUT_CA_SCE_S[AF],4181.0,1479041.0,819386.0
566,2069-09-01,Unmet_Dem_OUT_CA_SCE_S[AF],4959.0,1488097.0,824345.0
567,2069-10-01,Unmet_Dem_OUT_CA_SCE_S[AF],6015.0,1497848.0,830360.0
568,2069-11-01,Unmet_Dem_OUT_CA_SCE_S[AF],4264.0,1503212.0,834624.0
569,2070-03-01,Unmet_Dem_OUT_CA_SCE_S[AF],2608.0,1506103.0,837232.0
570,2070-04-01,Unmet_Dem_OUT_CA_SCE_S[AF],5396.0,1514794.0,842628.0
571,2070-05-01,Unmet_Dem_OUT_CA_SCE_S[AF],5135.0,1525550.0,847763.0
572,2070-06-01,Unmet_Dem_OUT_CA_SCE_S[AF],5547.0,1540171.0,853310.0
573,2070-07-01,Unmet_Dem_OUT_CA_SCE_S[AF],9884.0,1558701.0,863194.0
574,2070-08-01,Unmet_Dem_OUT_CA_SCE_S[AF],10829.0,1577917.0,874023.0
575,2070-09-01,Unmet_Dem_OUT_CA_SCE_S[AF],8742.0,1592746.0,882765.0
576,2070-10-01,Unmet_Dem_OUT_CA_SCE_S[AF],9782.0,1607919.0,892547.0
577,2070-11-01,Unmet_Dem_OUT_CA_SCE_S[AF],7787.0,1619262.0,900334.0
578,2070-12-01,Unmet_Dem_OUT_CA_SCE_S[AF],6951.0,1628044.0,907285.0
579,2021-05-01,Unmet_Dem_OUT_CA_SDGE[AF],87.0,400.0,87.0
580,2021-06-01,Unmet_Dem_OUT_CA_SDGE[AF],113.0,779.0,200.0
581,2022-06-01,Unmet_Dem_OUT_CA_SDGE[AF],166.0,3911.0,366.0
582,2023-05-01,Unmet_Dem_OUT_CA_SDGE[AF],437.0,5299.0,803.0
583,2023-06-01,Unmet_Dem_OUT_CA_SDGE[AF],554.0,6729.0,1357.0
584,2024-05-01,Unmet_Dem_OUT_CA_SDGE[AF],344.0,11589.0,1701.0
585,2024-06-01,Unmet_Dem_OUT_CA_SDGE[AF],425.0,13572.0,2126.0
586,2025-06-01,Unmet_Dem_OUT_CA_SDGE[AF],371.0,16427.0,2497.0
587,2026-05-01,Unmet_Dem_OUT_CA_SDGE[AF],903.0,48051.0,3400.0
588,2026-06-01,Unmet_Dem_OUT_CA_SDGE[AF],839.0,51649.0,4239.0
589,2028-05-01,Unmet_Dem_OUT_CA_SDGE[AF],946.0,54149.0,5185.0
590,2028-06-01,Unmet_Dem_OUT_CA_SDGE[AF],1044.0,58751.0,6229.0
591,2029-05-01,Unmet_Dem_OUT_CA_SDGE[AF],808.0,64397.0,7037.0
592,2029-06-01,Unmet_Dem_OUT_CA_SDGE[AF],955.0,69162.0,7992.0
593,2030-06-01,Unmet_Dem_OUT_CA_SDGE[AF],882.0,102085.0,8874.0
594,2034-06-01,Unmet_Dem_OUT_CA_SDGE[AF],1188.0,130739.0,10062.0
595,2035-06-01,Unmet_Dem_OUT_CA_SDGE[AF],1300.0,176274.0,11362.0
596,2037-05-01,Unmet_Dem_OUT_CA_SDGE[AF],2056.0,292958.0,13418.0
597,2037-06-01,Unmet_Dem_OUT_CA_SDGE[AF],2330.0,302370.0,15748.0
598,2038-05-01,Unmet_Dem_OUT_CA_SDGE[AF],1645.0,353522.0,17393.0
599,2038-06-01,Unmet_Dem_OUT_CA_SDGE[AF],2137.0,361947.0,19530.0
600,2039-05-01,Unmet_Dem_OUT_CA_SDGE[AF],2011.0,368978.0,21541.0
601,2039-06-01,Unmet_Dem_OUT_CA_SDGE[AF],2524.0,380336.0,24065.0
602,2040-05-01,Unmet_Dem_OUT_CA_SDGE[AF],1709.0,386912.0,25774.0
603,2040-06-01,Unmet_Dem_OUT_CA_SDGE[AF],1891.0,395368.0,27665.0
604,2040-07-01,Unmet_Dem_OUT_CA_SDGE[AF],310.0,396867.0,27975.0
605,2041-05-01,Unmet_Dem_OUT_CA_SDGE[AF],1365.0,410283.0,29340.0
606,2041-06-01,Unmet_Dem_OUT_CA_SDGE[AF],2555.0,420690.0,31895.0
607,2041-07-01,Unmet_Dem_OUT_CA_SDGE[AF],665.0,423513.0,32560.0
608,2042-06-01,Unmet_Dem_OUT_CA_SDGE[AF],2306.0,433107.0,34866.0
609,2043-04-01,Unmet_Dem_OUT_CA_SDGE[AF],459.0,439793.0,35325.0
610,2043-05-01,Unmet_Dem_OUT_CA_SDGE[AF],3363.0,450516.0,38688.0
611,2043-06-01,Unmet_Dem_OUT_CA_SDGE[AF],3861.0,450468.0,42549.0
612,2044-04-01,Unmet_Dem_OUT_CA_SDGE[AF],319.0,521641.0,42868.0
613,2044-05-01,Unmet_Dem_OUT_CA_SDGE[AF],1164.0,531077.0,44032.0
614,2044-06-01,Unmet_Dem_OUT_CA_SDGE[AF],1773.0,540456.0,45805.0
615,2044-07-01,Unmet_Dem_OUT_CA_SDGE[AF],3528.0,558020.0,49333.0
616,2044-08-01,Unmet_Dem_OUT_CA_SDGE[AF],591.0,561020.0,49924.0
617,2045-06-01,Unmet_Dem_OUT_CA_SDGE[AF],1438.0,584271.0,51362.0
618,2045-07-01,Unmet_Dem_OUT_CA_SDGE[AF],687.0,595291.0,52049.0
619,2046-05-01,Unmet_Dem_OUT_CA_SDGE[AF],2162.0,631546.0,54211.0
620,2046-06-01,Unmet_Dem_OUT_CA_SDGE[AF],3261.0,645729.0,57472.0
621,2046-07-01,Unmet_Dem_OUT_CA_SDGE[AF],490.0,647912.0,57962.0
622,2047-05-01,Unmet_Dem_OUT_CA_SDGE[AF],1501.0,655069.0,59463.0
623,2047-06-01,Unmet_Dem_OUT_CA_SDGE[AF],2539.0,666487.0,62002.0
624,2047-07-01,Unmet_Dem_OUT_CA_SDGE[AF],2330.0,676422.0,64332.0
625,2049-05-01,Unmet_Dem_OUT_CA_SDGE[AF],218.0,689622.0,64550.0
626,2049-06-01,Unmet_Dem_OUT_CA_SDGE[AF],2432.0,700321.0,66982.0
627,2050-06-01,Unmet_Dem_OUT_CA_SDGE[AF],2558.0,709447.0,69540.0
628,2051-05-01,Unmet_Dem_OUT_CA_SDGE[AF],1351.0,724465.0,70891.0
629,2051-06-01,Unmet_Dem_OUT_CA_SDGE[AF],2409.0,737297.0,73300.0
630,2051-07-01,Unmet_Dem_OUT_CA_SDGE[AF],3023.0,750594.0,76323.0
631,2052-05-01,Unmet_Dem_OUT_CA_SDGE[AF],1963.0,769235.0,78286.0
632,2052-06-01,Unmet_Dem_OUT_CA_SDGE[AF],3018.0,781599.0,81304.0
633,2052-07-01,Unmet_Dem_OUT_CA_SDGE[AF],2627.0,792693.0,83931.0
634,2053-05-01,Unmet_Dem_OUT_CA_SDGE[AF],1567.0,825492.0,85498.0
635,2053-06-01,Unmet_Dem_OUT_CA_SDGE[AF],2885.0,838774.0,88383.0
636,2053-07-01,Unmet_Dem_OUT_CA_SDGE[AF],2372.0,848945.0,90755.0
637,2053-08-01,Unmet_Dem_OUT_CA_SDGE[AF],689.0,851713.0,91444.0
638,2054-05-01,Unmet_Dem_OUT_CA_SDGE[AF],1620.0,876536.0,93064.0
639,2054-06-01,Unmet_Dem_OUT_CA_SDGE[AF],2615.0,889448.0,95679.0
640,2054-07-01,Unmet_Dem_OUT_CA_SDGE[AF],-1010.0,905565.0,94669.0
641,2054-08-01,Unmet_Dem_OUT_CA_SDGE[AF],1360.0,913959.0,96029.0
642,2055-05-01,Unmet_Dem_OUT_CA_SDGE[AF],2271.0,940701.0,98300.0
643,2055-06-01,Unmet_Dem_OUT_CA_SDGE[AF],2940.0,952905.0,101240.0
644,2055-07-01,Unmet_Dem_OUT_CA_SDGE[AF],1345.0,958590.0,102585.0
645,2055-08-01,Unmet_Dem_OUT_CA_SDGE[AF],186.0,959344.0,102771.0
646,2056-05-01,Unmet_Dem_OUT_CA_SDGE[AF],1741.0,968631.0,104512.0
647,2056-06-01,Unmet_Dem_OUT_CA_SDGE[AF],2782.0,980871.0,107294.0
648,2056-07-01,Unmet_Dem_OUT_CA_SDGE[AF],4076.0,998392.0,111370.0
649,2056-08-01,Unmet_Dem_OUT_CA_SDGE[AF],1440.0,1005966.0,112810.0
650,2057-05-01,Unmet_Dem_OUT_CA_SDGE[AF],1491.0,1023203.0,114301.0
651,2057-06-01,Unmet_Dem_OUT_CA_SDGE[AF],2697.0,1034580.0,116998.0
652,2057-07-01,Unmet_Dem_OUT_CA_SDGE[AF],3841.0,1050783.0,120839.0
653,2057-08-01,Unmet_Dem_OUT_CA_SDGE[AF],681.0,1056045.0,121520.0
654,2058-06-01,Unmet_Dem_OUT_CA_SDGE[AF],2517.0,1085236.0,124037.0
655,2058-07-01,Unmet_Dem_OUT_CA_SDGE[AF],476.0,1087234.0,124513.0
656,2058-08-01,Unmet_Dem_OUT_CA_SDGE[AF],64.0,1087510.0,124577.0
657,2059-05-01,Unmet_Dem_OUT_CA_SDGE[AF],749.0,1091204.0,125326.0
658,2059-06-01,Unmet_Dem_OUT_CA_SDGE[AF],2748.0,1102327.0,128074.0
659,2059-07-01,Unmet_Dem_OUT_CA_SDGE[AF],1125.0,1107153.0,129199.0
660,2059-08-01,Unmet_Dem_OUT_CA_SDGE[AF],473.0,1109514.0,129672.0
661,2060-05-01,Unmet_Dem_OUT_CA_SDGE[AF],1029.0,1117495.0,130701.0
662,2060-06-01,Unmet_Dem_OUT_CA_SDGE[AF],2387.0,1125629.0,133088.0
663,2060-07-01,Unmet_Dem_OUT_CA_SDGE[AF],1793.0,1132594.0,134881.0
664,2064-06-01,Unmet_Dem_OUT_CA_SDGE[AF],136.0,1150349.0,135017.0
665,2065-05-01,Unmet_Dem_OUT_CA_SDGE[AF],1627.0,1159479.0,136644.0
666,2065-06-01,Unmet_Dem_OUT_CA_SDGE[AF],2956.0,1172735.0,139600.0
667,2065-07-01,Unmet_Dem_OUT_CA_SDGE[AF],2128.0,1181833.0,141728.0
668,2065-08-01,Unmet_Dem_OUT_CA_SDGE[AF],670.0,1185056.0,142398.0
669,2065-09-01,Unmet_Dem_OUT_CA_SDGE[AF],169.0,1190227.0,142567.0
670,2066-04-01,Unmet_Dem_OUT_CA_SDGE[AF],1572.0,1215789.0,144139.0
671,2066-05-01,Unmet_Dem_OUT_CA_SDGE[AF],2527.0,1227437.0,146666.0
672,2066-06-01,Unmet_Dem_OUT_CA_SDGE[AF],3049.0,1242538.0,149715.0
673,2066-07-01,Unmet_Dem_OUT_CA_SDGE[AF],3628.0,1261708.0,153343.0
674,2066-08-01,Unmet_Dem_OUT_CA_SDGE[AF],3228.0,1281448.0,156571.0
675,2066-09-01,Unmet_Dem_OUT_CA_SDGE[AF],1211.0,1298177.0,157782.0
676,2066-10-01,Unmet_Dem_OUT_CA_SDGE[AF],254.0,1313364.0,158036.0
677,2067-05-01,Unmet_Dem_OUT_CA_SDGE[AF],1422.0,1338917.0,159458.0
678,2067-06-01,Unmet_Dem_OUT_CA_SDGE[AF],1956.0,1352179.0,161414.0
679,2067-07-01,Unmet_Dem_OUT_CA_SDGE[AF],2763.0,1368487.0,164177.0
680,2067-08-01,Unmet_Dem_OUT_CA_SDGE[AF],2662.0,1387936.0,166839.0
681,2067-09-01,Unmet_Dem_OUT_CA_SDGE[AF],1361.0,1405492.0,168200.0
682,2069-05-01,Unmet_Dem_OUT_CA_SDGE[AF],2211.0,1444160.0,170411.0
683,2069-06-01,Unmet_Dem_OUT_CA_SDGE[AF],3010.0,1456973.0,173421.0
684,2069-07-01,Unmet_Dem_OUT_CA_SDGE[AF],3180.0,1470620.0,176601.0
685,2069-08-01,Unmet_Dem_OUT_CA_SDGE[AF],1797.0,1479041.0,178398.0
686,2069-09-01,Unmet_Dem_OUT_CA_SDGE[AF],448.0,1488097.0,178846.0
687,2070-04-01,Unmet_Dem_OUT_CA_SDGE[AF],1772.0,1514794.0,180618.0
688,2070-05-01,Unmet_Dem_OUT_CA_SDGE[AF],2256.0,1525550.0,182874.0
689,2070-06-01,Unmet_Dem_OUT_CA_SDGE[AF],2627.0,1540171.0,185501.0
690,2070-07-01,Unmet_Dem_OUT_CA_SDGE[AF],3169.0,1558701.0,188670.0
691,2070-08-01,Unmet_Dem_OUT_CA_SDGE[AF],2960.0,1577917.0,191630.0
692,2070-09-01,Unmet_Dem_OUT_CA_SDGE[AF],980.0,1592746.0,192610.0
693,2022-06-01,Unmet_Dem_OUT_MT_NE[AF],3.0,3911.0,3.0
694,2025-06-01,Unmet_Dem_OUT_MT_NE[AF],-3.0,16427.0,0.0
695,2026-07-01,Unmet_Dem_OUT_MT_NE[AF],2.0,51565.0,2.0
696,2028-06-01,Unmet_Dem_OUT_MT_NE[AF],2.0,58751.0,4.0
697,2029-06-01,Unmet_Dem_OUT_MT_NE[AF],-2.0,69162.0,2.0
698,2032-07-01,Unmet_Dem_OUT_MT_NE[AF],1.0,120165.0,3.0
699,2033-06-01,Unmet_Dem_OUT_MT_NE[AF],5.0,120189.0,8.0
700,2033-07-01,Unmet_Dem_OUT_MT_NE[AF],-4.0,120183.0,4.0
701,2035-06-01,Unmet_Dem_OUT_MT_NE[AF],6.0,176274.0,10.0
702,2036-06-01,Unmet_Dem_OUT_MT_NE[AF],-2.0,238413.0,8.0
703,2037-06-01,Unmet_Dem_OUT_MT_NE[AF],-3.0,302370.0,5.0
704,2039-06-01,Unmet_Dem_OUT_MT_NE[AF],5.0,380336.0,10.0
705,2039-08-01,Unmet_Dem_OUT_MT_NE[AF],12.0,380373.0,22.0
706,2042-06-01,Unmet_Dem_OUT_MT_NE[AF],-2.0,433107.0,20.0
707,2042-07-01,Unmet_Dem_OUT_MT_NE[AF],1.0,433110.0,21.0
708,2043-06-01,Unmet_Dem_OUT_MT_NE[AF],2.0,450468.0,23.0
709,2044-06-01,Unmet_Dem_OUT_MT_NE[AF],-2.0,540456.0,21.0
710,2044-07-01,Unmet_Dem_OUT_MT_NE[AF],-2.0,558020.0,19.0
711,2048-06-01,Unmet_Dem_OUT_MT_NE[AF],1.0,686664.0,20.0
712,2051-07-01,Unmet_Dem_OUT_MT_NE[AF],-2.0,750594.0,18.0
713,2055-07-01,Unmet_Dem_OUT_MT_NE[AF],-2.0,958590.0,16.0
714,2063-07-01,Unmet_Dem_OUT_MT_NE[AF],-2.0,1149384.0,14.0
715,2065-06-01,Unmet_Dem_OUT_MT_NE[AF],-4.0,1172735.0,10.0
716,2067-08-01,Unmet_Dem_OUT_MT_NE[AF],7.0,1387936.0,17.0
717,2068-06-01,Unmet_Dem_OUT_MT_NE[AF],1.0,1432023.0,18.0
718,2025-09-01,Unmet_Dem_OUT_MT_NW[AF],93.0,40064.0,93.0
719,2022-06-01,Unmet_Dem_OUT_MT_SW[AF],3.0,3911.0,3.0
720,2022-07-01,Unmet_Dem_OUT_MT_SW[AF],6.0,3915.0,9.0
721,2022-08-01,Unmet_Dem_OUT_MT_SW[AF],5.0,3943.0,14.0
722,2022-09-01,Unmet_Dem_OUT_MT_SW[AF],3.0,3984.0,17.0
723,2022-10-01,Unmet_Dem_OUT_MT_SW[AF],4.0,4015.0,21.0
724,2022-11-01,Unmet_Dem_OUT_MT_SW[AF],-2.0,4013.0,19.0
725,2022-12-01,Unmet_Dem_OUT_MT_SW[AF],6.0,4023.0,25.0
726,2023-01-01,Unmet_Dem_OUT_MT_SW[AF],1.0,4024.0,26.0
727,2023-06-01,Unmet_Dem_OUT_MT_SW[AF],-21.0,6729.0,5.0
728,2023-07-01,Unmet_Dem_OUT_MT_SW[AF],-13.0,8977.0,-8.0
729,2023-08-01,Unmet_Dem_OUT_MT_SW[AF],4.0,9093.0,-4.0
730,2023-09-01,Unmet_Dem_OUT_MT_SW[AF],2.0,9591.0,-2.0
731,2023-10-01,Unmet_Dem_OUT_MT_SW[AF],4.0,9428.0,2.0
732,2023-11-01,Unmet_Dem_OUT_MT_SW[AF],2.0,9422.0,4.0
733,2023-12-01,Unmet_Dem_OUT_MT_SW[AF],-3.0,9424.0,1.0
734,2024-01-01,Unmet_Dem_OUT_MT_SW[AF],-4.0,9420.0,-3.0
735,2024-06-01,Unmet_Dem_OUT_MT_SW[AF],-3.0,13572.0,-6.0
736,2024-08-01,Unmet_Dem_OUT_MT_SW[AF],-5.0,14174.0,-11.0
737,2024-09-01,Unmet_Dem_OUT_MT_SW[AF],-8.0,14759.0,-19.0
738,2024-10-01,Unmet_Dem_OUT_MT_SW[AF],-8.0,15262.0,-27.0
739,2024-11-01,Unmet_Dem_OUT_MT_SW[AF],-7.0,15269.0,-34.0
740,2024-12-01,Unmet_Dem_OUT_MT_SW[AF],5.0,15289.0,-29.0
741,2025-01-01,Unmet_Dem_OUT_MT_SW[AF],6.0,15295.0,-23.0
742,2025-02-01,Unmet_Dem_OUT_MT_SW[AF],9.0,15304.0,-14.0
743,2025-06-01,Unmet_Dem_OUT_MT_SW[AF],-2.0,16427.0,-16.0
744,2025-07-01,Unmet_Dem_OUT_MT_SW[AF],-14.0,16597.0,-30.0
745,2025-08-01,Unmet_Dem_OUT_MT_SW[AF],215.0,31574.0,185.0
746,2025-09-01,Unmet_Dem_OUT_MT_SW[AF],166.0,40064.0,351.0
747,2025-10-01,Unmet_Dem_OUT_MT_SW[AF],133.0,43974.0,484.0
748,2025-11-01,Unmet_Dem_OUT_MT_SW[AF],115.0,45735.0,599.0
749,2025-12-01,Unmet_Dem_OUT_MT_SW[AF],114.0,45807.0,713.0
750,2026-07-01,Unmet_Dem_OUT_MT_SW[AF],2.0,51565.0,715.0
751,2026-08-01,Unmet_Dem_OUT_MT_SW[AF],-2.0,51512.0,713.0
752,2026-09-01,Unmet_Dem_OUT_MT_SW[AF],5.0,51480.0,718.0
753,2026-10-01,Unmet_Dem_OUT_MT_SW[AF],9.0,51440.0,727.0
754,2026-11-01,Unmet_Dem_OUT_MT_SW[AF],4.0,51392.0,731.0
755,2027-09-01,Unmet_Dem_OUT_MT_SW[AF],-1.0,51358.0,730.0
756,2027-10-01,Unmet_Dem_OUT_MT_SW[AF],-1.0,51338.0,729.0
757,2027-11-01,Unmet_Dem_OUT_MT_SW[AF],-6.0,51437.0,723.0
758,2027-12-01,Unmet_Dem_OUT_MT_SW[AF],-2.0,51435.0,721.0
759,2028-09-01,Unmet_Dem_OUT_MT_SW[AF],-4.0,58789.0,717.0
760,2028-12-01,Unmet_Dem_OUT_MT_SW[AF],-3.0,58712.0,714.0
761,2029-08-01,Unmet_Dem_OUT_MT_SW[AF],-2.0,82065.0,712.0
762,2029-09-01,Unmet_Dem_OUT_MT_SW[AF],1.0,87482.0,713.0
763,2029-10-01,Unmet_Dem_OUT_MT_SW[AF],-3.0,92975.0,710.0
764,2029-11-01,Unmet_Dem_OUT_MT_SW[AF],-1.0,98049.0,709.0
765,2030-04-01,Unmet_Dem_OUT_MT_SW[AF],2.0,98056.0,711.0
766,2030-05-01,Unmet_Dem_OUT_MT_SW[AF],-1.0,99119.0,710.0
767,2030-06-01,Unmet_Dem_OUT_MT_SW[AF],11.0,102085.0,721.0
768,2030-07-01,Unmet_Dem_OUT_MT_SW[AF],12.0,106512.0,733.0
769,2030-08-01,Unmet_Dem_OUT_MT_SW[AF],15.0,108700.0,748.0
770,2030-09-01,Unmet_Dem_OUT_MT_SW[AF],11.0,113899.0,759.0
771,2030-10-01,Unmet_Dem_OUT_MT_SW[AF],10.0,117837.0,769.0
772,2030-11-01,Unmet_Dem_OUT_MT_SW[AF],10.0,119768.0,779.0
773,2030-12-01,Unmet_Dem_OUT_MT_SW[AF],17.0,119797.0,796.0
774,2031-01-01,Unmet_Dem_OUT_MT_SW[AF],10.0,119811.0,806.0
775,2031-02-01,Unmet_Dem_OUT_MT_SW[AF],9.0,119820.0,815.0
776,2031-06-01,Unmet_Dem_OUT_MT_SW[AF],6.0,120255.0,821.0
777,2031-07-01,Unmet_Dem_OUT_MT_SW[AF],-38.0,120217.0,783.0
778,2031-08-01,Unmet_Dem_OUT_MT_SW[AF],-18.0,120199.0,765.0
779,2031-09-01,Unmet_Dem_OUT_MT_SW[AF],-15.0,120184.0,750.0
780,2031-10-01,Unmet_Dem_OUT_MT_SW[AF],-12.0,120172.0,738.0
781,2031-11-01,Unmet_Dem_OUT_MT_SW[AF],-8.0,120164.0,730.0
782,2032-09-01,Unmet_Dem_OUT_MT_SW[AF],4.0,120179.0,734.0
783,2032-11-01,Unmet_Dem_OUT_MT_SW[AF],2.0,120181.0,736.0
784,2032-12-01,Unmet_Dem_OUT_MT_SW[AF],-2.0,120179.0,734.0
785,2033-06-01,Unmet_Dem_OUT_MT_SW[AF],5.0,120189.0,739.0
786,2033-07-01,Unmet_Dem_OUT_MT_SW[AF],-2.0,120183.0,737.0
787,2033-08-01,Unmet_Dem_OUT_MT_SW[AF],-6.0,120188.0,731.0
788,2034-08-01,Unmet_Dem_OUT_MT_SW[AF],-11.0,144216.0,720.0
789,2034-09-01,Unmet_Dem_OUT_MT_SW[AF],4.0,151018.0,724.0
790,2034-10-01,Unmet_Dem_OUT_MT_SW[AF],-5.0,158722.0,719.0
791,2035-06-01,Unmet_Dem_OUT_MT_SW[AF],5.0,176274.0,724.0
792,2035-07-01,Unmet_Dem_OUT_MT_SW[AF],-1.0,180741.0,723.0
793,2035-08-01,Unmet_Dem_OUT_MT_SW[AF],2.0,189330.0,725.0
794,2035-10-01,Unmet_Dem_OUT_MT_SW[AF],12.0,207514.0,737.0
795,2035-11-01,Unmet_Dem_OUT_MT_SW[AF],11.0,214254.0,748.0
796,2035-12-01,Unmet_Dem_OUT_MT_SW[AF],10.0,217118.0,758.0
797,2036-07-01,Unmet_Dem_OUT_MT_SW[AF],4.0,249426.0,762.0
798,2036-08-01,Unmet_Dem_OUT_MT_SW[AF],6.0,260423.0,768.0
799,2036-09-01,Unmet_Dem_OUT_MT_SW[AF],-2.0,271650.0,766.0
800,2036-10-01,Unmet_Dem_OUT_MT_SW[AF],-3.0,278657.0,763.0
801,2036-11-01,Unmet_Dem_OUT_MT_SW[AF],-2.0,286006.0,761.0
802,2036-12-01,Unmet_Dem_OUT_MT_SW[AF],-5.0,287403.0,756.0
803,2037-06-01,Unmet_Dem_OUT_MT_SW[AF],-4.0,302370.0,752.0
804,2037-07-01,Unmet_Dem_OUT_MT_SW[AF],-11.0,314393.0,741.0
805,2037-08-01,Unmet_Dem_OUT_MT_SW[AF],-11.0,322499.0,730.0
806,2037-09-01,Unmet_Dem_OUT_MT_SW[AF],-12.0,332725.0,718.0
807,2037-10-01,Unmet_Dem_OUT_MT_SW[AF],-8.0,342566.0,710.0
808,2037-11-01,Unmet_Dem_OUT_MT_SW[AF],-8.0,347685.0,702.0
809,2037-12-01,Unmet_Dem_OUT_MT_SW[AF],5.0,348916.0,707.0
810,2038-01-01,Unmet_Dem_OUT_MT_SW[AF],-4.0,348927.0,703.0
811,2038-06-01,Unmet_Dem_OUT_MT_SW[AF],-19.0,361947.0,684.0
812,2038-07-01,Unmet_Dem_OUT_MT_SW[AF],-7.0,361934.0,677.0
813,2038-08-01,Unmet_Dem_OUT_MT_SW[AF],-8.0,361926.0,669.0
814,2038-09-01,Unmet_Dem_OUT_MT_SW[AF],-5.0,361919.0,664.0
815,2038-10-01,Unmet_Dem_OUT_MT_SW[AF],-7.0,361913.0,657.0
816,2038-12-01,Unmet_Dem_OUT_MT_SW[AF],5.0,361916.0,662.0
817,2039-01-01,Unmet_Dem_OUT_MT_SW[AF],5.0,361921.0,667.0
818,2039-06-01,Unmet_Dem_OUT_MT_SW[AF],5.0,380336.0,672.0
819,2039-07-01,Unmet_Dem_OUT_MT_SW[AF],-6.0,380346.0,666.0
820,2039-08-01,Unmet_Dem_OUT_MT_SW[AF],-7.0,380373.0,659.0
821,2039-10-01,Unmet_Dem_OUT_MT_SW[AF],-4.0,380351.0,655.0
822,2039-11-01,Unmet_Dem_OUT_MT_SW[AF],-4.0,380334.0,651.0
823,2039-12-01,Unmet_Dem_OUT_MT_SW[AF],-4.0,380365.0,647.0
824,2040-06-01,Unmet_Dem_OUT_MT_SW[AF],4.0,395368.0,651.0
825,2040-08-01,Unmet_Dem_OUT_MT_SW[AF],-6.0,398567.0,645.0
826,2040-09-01,Unmet_Dem_OUT_MT_SW[AF],-7.0,400490.0,638.0
827,2040-10-01,Unmet_Dem_OUT_MT_SW[AF],-8.0,405738.0,630.0
828,2040-11-01,Unmet_Dem_OUT_MT_SW[AF],-9.0,405857.0,621.0
829,2040-12-01,Unmet_Dem_OUT_MT_SW[AF],-10.0,405866.0,611.0
830,2041-01-01,Unmet_Dem_OUT_MT_SW[AF],-9.0,405878.0,602.0
831,2041-09-01,Unmet_Dem_OUT_MT_SW[AF],-1.0,423551.0,601.0
832,2042-08-01,Unmet_Dem_OUT_MT_SW[AF],2.0,433123.0,603.0
833,2042-09-01,Unmet_Dem_OUT_MT_SW[AF],1.0,433125.0,604.0
834,2042-10-01,Unmet_Dem_OUT_MT_SW[AF],5.0,433136.0,609.0
835,2043-08-01,Unmet_Dem_OUT_MT_SW[AF],-2.0,477676.0,607.0
836,2043-09-01,Unmet_Dem_OUT_MT_SW[AF],5.0,492181.0,612.0
837,2043-10-01,Unmet_Dem_OUT_MT_SW[AF],6.0,505597.0,618.0
838,2044-08-01,Unmet_Dem_OUT_MT_SW[AF],-3.0,561020.0,615.0
839,2044-09-01,Unmet_Dem_OUT_MT_SW[AF],3.0,566550.0,618.0
840,2045-01-01,Unmet_Dem_OUT_MT_SW[AF],-8.0,578577.0,610.0
841,2045-02-01,Unmet_Dem_OUT_MT_SW[AF],-11.0,578566.0,599.0
842,2045-08-01,Unmet_Dem_OUT_MT_SW[AF],-7.0,605150.0,592.0
843,2045-09-01,Unmet_Dem_OUT_MT_SW[AF],-14.0,614810.0,578.0
844,2045-10-01,Unmet_Dem_OUT_MT_SW[AF],-11.0,622743.0,567.0
845,2045-11-01,Unmet_Dem_OUT_MT_SW[AF],-10.0,622733.0,557.0
846,2046-07-01,Unmet_Dem_OUT_MT_SW[AF],28.0,647912.0,585.0
847,2046-08-01,Unmet_Dem_OUT_MT_SW[AF],26.0,647965.0,611.0
848,2046-09-01,Unmet_Dem_OUT_MT_SW[AF],15.0,648002.0,626.0
849,2047-08-01,Unmet_Dem_OUT_MT_SW[AF],1.0,676821.0,627.0
850,2047-10-01,Unmet_Dem_OUT_MT_SW[AF],2.0,683020.0,629.0
851,2047-11-01,Unmet_Dem_OUT_MT_SW[AF],2.0,686659.0,631.0
852,2047-12-01,Unmet_Dem_OUT_MT_SW[AF],2.0,686661.0,633.0
853,2048-01-01,Unmet_Dem_OUT_MT_SW[AF],1.0,686662.0,634.0
854,2048-06-01,Unmet_Dem_OUT_MT_SW[AF],1.0,686664.0,635.0
855,2048-09-01,Unmet_Dem_OUT_MT_SW[AF],-2.0,686688.0,633.0
856,2048-10-01,Unmet_Dem_OUT_MT_SW[AF],3.0,686691.0,636.0
857,2048-11-01,Unmet_Dem_OUT_MT_SW[AF],2.0,686693.0,638.0
858,2049-07-01,Unmet_Dem_OUT_MT_SW[AF],-3.0,700311.0,635.0
859,2049-08-01,Unmet_Dem_OUT_MT_SW[AF],-5.0,700312.0,630.0
860,2049-09-01,Unmet_Dem_OUT_MT_SW[AF],-6.0,700318.0,624.0
861,2049-10-01,Unmet_Dem_OUT_MT_SW[AF],-15.0,700309.0,609.0
862,2049-11-01,Unmet_Dem_OUT_MT_SW[AF],-12.0,700297.0,597.0
863,2049-12-01,Unmet_Dem_OUT_MT_SW[AF],-10.0,700287.0,587.0
864,2050-01-01,Unmet_Dem_OUT_MT_SW[AF],-11.0,700276.0,576.0
865,2050-06-01,Unmet_Dem_OUT_MT_SW[AF],1.0,709447.0,577.0
866,2050-07-01,Unmet_Dem_OUT_MT_SW[AF],-6.0,709445.0,571.0
867,2050-08-01,Unmet_Dem_OUT_MT_SW[AF],-3.0,709424.0,568.0
868,2050-09-01,Unmet_Dem_OUT_MT_SW[AF],4.0,709498.0,572.0
869,2050-10-01,Unmet_Dem_OUT_MT_SW[AF],6.0,709510.0,578.0
870,2051-08-01,Unmet_Dem_OUT_MT_SW[AF],55.0,752039.0,633.0
871,2051-09-01,Unmet_Dem_OUT_MT_SW[AF],38.0,757353.0,671.0
872,2051-10-01,Unmet_Dem_OUT_MT_SW[AF],29.0,760374.0,700.0
873,2051-11-01,Unmet_Dem_OUT_MT_SW[AF],22.0,763079.0,722.0
874,2051-12-01,Unmet_Dem_OUT_MT_SW[AF],26.0,763105.0,748.0
875,2052-01-01,Unmet_Dem_OUT_MT_SW[AF],23.0,763128.0,771.0
876,2052-05-01,Unmet_Dem_OUT_MT_SW[AF],15.0,769235.0,786.0
877,2052-06-01,Unmet_Dem_OUT_MT_SW[AF],1.0,781599.0,787.0
878,2052-07-01,Unmet_Dem_OUT_MT_SW[AF],8.0,792693.0,795.0
879,2052-08-01,Unmet_Dem_OUT_MT_SW[AF],12.0,793141.0,807.0
880,2052-09-01,Unmet_Dem_OUT_MT_SW[AF],10.0,799415.0,817.0
881,2052-10-01,Unmet_Dem_OUT_MT_SW[AF],4.0,808900.0,821.0
882,2052-11-01,Unmet_Dem_OUT_MT_SW[AF],2.0,813577.0,823.0
883,2052-12-01,Unmet_Dem_OUT_MT_SW[AF],2.0,813637.0,825.0
884,2053-06-01,Unmet_Dem_OUT_MT_SW[AF],5.0,838774.0,830.0
885,2053-07-01,Unmet_Dem_OUT_MT_SW[AF],2.0,848945.0,832.0
886,2053-09-01,Unmet_Dem_OUT_MT_SW[AF],6.0,856592.0,838.0
887,2053-10-01,Unmet_Dem_OUT_MT_SW[AF],4.0,858881.0,842.0
888,2053-11-01,Unmet_Dem_OUT_MT_SW[AF],6.0,862341.0,848.0
889,2053-12-01,Unmet_Dem_OUT_MT_SW[AF],6.0,862402.0,854.0
890,2054-01-01,Unmet_Dem_OUT_MT_SW[AF],9.0,862425.0,863.0
891,2054-06-01,Unmet_Dem_OUT_MT_SW[AF],1.0,889448.0,864.0
892,2054-07-01,Unmet_Dem_OUT_MT_SW[AF],-3.0,905565.0,861.0
893,2055-07-01,Unmet_Dem_OUT_MT_SW[AF],-1.0,958590.0,860.0
894,2055-08-01,Unmet_Dem_OUT_MT_SW[AF],3.0,959344.0,863.0
895,2055-09-01,Unmet_Dem_OUT_MT_SW[AF],3.0,961311.0,866.0
896,2056-08-01,Unmet_Dem_OUT_MT_SW[AF],2.0,1005966.0,868.0
897,2057-07-01,Unmet_Dem_OUT_MT_SW[AF],1.0,1050783.0,869.0
898,2057-08-01,Unmet_Dem_OUT_MT_SW[AF],3.0,1056045.0,872.0
899,2057-09-01,Unmet_Dem_OUT_MT_SW[AF],5.0,1060860.0,877.0
900,2057-10-01,Unmet_Dem_OUT_MT_SW[AF],6.0,1069228.0,883.0
901,2057-11-01,Unmet_Dem_OUT_MT_SW[AF],2.0,1075105.0,885.0
902,2057-12-01,Unmet_Dem_OUT_MT_SW[AF],4.0,1075128.0,889.0
903,2058-01-01,Unmet_Dem_OUT_MT_SW[AF],5.0,1075152.0,894.0
904,2059-07-01,Unmet_Dem_OUT_MT_SW[AF],2.0,1107153.0,896.0
905,2059-08-01,Unmet_Dem_OUT_MT_SW[AF],1.0,1109514.0,897.0
906,2059-09-01,Unmet_Dem_OUT_MT_SW[AF],6.0,1110727.0,903.0
907,2059-10-01,Unmet_Dem_OUT_MT_SW[AF],2.0,1114018.0,905.0
908,2060-07-01,Unmet_Dem_OUT_MT_SW[AF],1.0,1132594.0,906.0
909,2060-08-01,Unmet_Dem_OUT_MT_SW[AF],2.0,1132597.0,908.0
910,2060-09-01,Unmet_Dem_OUT_MT_SW[AF],11.0,1138754.0,919.0
911,2060-10-01,Unmet_Dem_OUT_MT_SW[AF],11.0,1147034.0,930.0
912,2061-07-01,Unmet_Dem_OUT_MT_SW[AF],1.0,1148298.0,931.0
913,2061-08-01,Unmet_Dem_OUT_MT_SW[AF],-2.0,1148293.0,929.0
914,2061-09-01,Unmet_Dem_OUT_MT_SW[AF],-2.0,1149445.0,927.0
915,2061-10-01,Unmet_Dem_OUT_MT_SW[AF],-8.0,1149442.0,919.0
916,2061-12-01,Unmet_Dem_OUT_MT_SW[AF],-5.0,1149423.0,914.0
917,2062-06-01,Unmet_Dem_OUT_MT_SW[AF],6.0,1149412.0,920.0
918,2062-07-01,Unmet_Dem_OUT_MT_SW[AF],5.0,1149410.0,925.0
919,2062-08-01,Unmet_Dem_OUT_MT_SW[AF],2.0,1149404.0,927.0
920,2062-09-01,Unmet_Dem_OUT_MT_SW[AF],3.0,1149435.0,930.0
921,2062-10-01,Unmet_Dem_OUT_MT_SW[AF],-3.0,1149429.0,927.0
922,2063-07-01,Unmet_Dem_OUT_MT_SW[AF],-2.0,1149384.0,925.0
923,2063-08-01,Unmet_Dem_OUT_MT_SW[AF],12.0,1149401.0,937.0
924,2063-09-01,Unmet_Dem_OUT_MT_SW[AF],8.0,1149808.0,945.0
925,2063-10-01,Unmet_Dem_OUT_MT_SW[AF],11.0,1149877.0,956.0
926,2063-11-01,Unmet_Dem_OUT_MT_SW[AF],10.0,1149887.0,966.0
927,2063-12-01,Unmet_Dem_OUT_MT_SW[AF],9.0,1149896.0,975.0
928,2064-07-01,Unmet_Dem_OUT_MT_SW[AF],-3.0,1150381.0,972.0
929,2064-08-01,Unmet_Dem_OUT_MT_SW[AF],-5.0,1150755.0,967.0
930,2064-09-01,Unmet_Dem_OUT_MT_SW[AF],-4.0,1150962.0,963.0
931,2064-10-01,Unmet_Dem_OUT_MT_SW[AF],9.0,1151002.0,972.0
932,2064-11-01,Unmet_Dem_OUT_MT_SW[AF],10.0,1151012.0,982.0
933,2064-12-01,Unmet_Dem_OUT_MT_SW[AF],10.0,1151022.0,992.0
934,2065-01-01,Unmet_Dem_OUT_MT_SW[AF],7.0,1151029.0,999.0
935,2065-07-01,Unmet_Dem_OUT_MT_SW[AF],3.0,1181833.0,1002.0
936,2065-08-01,Unmet_Dem_OUT_MT_SW[AF],2.0,1185056.0,1004.0
937,2065-09-01,Unmet_Dem_OUT_MT_SW[AF],-3.0,1190227.0,1001.0
938,2065-12-01,Unmet_Dem_OUT_MT_SW[AF],1.0,1204446.0,1002.0
939,2066-06-01,Unmet_Dem_OUT_MT_SW[AF],1.0,1242538.0,1003.0
940,2066-07-01,Unmet_Dem_OUT_MT_SW[AF],5.0,1261708.0,1008.0
941,2066-08-01,Unmet_Dem_OUT_MT_SW[AF],3.0,1281448.0,1011.0
942,2066-09-01,Unmet_Dem_OUT_MT_SW[AF],4.0,1298177.0,1015.0
943,2066-10-01,Unmet_Dem_OUT_MT_SW[AF],3.0,1313364.0,1018.0
944,2066-11-01,Unmet_Dem_OUT_MT_SW[AF],3.0,1324870.0,1021.0
945,2066-12-01,Unmet_Dem_OUT_MT_SW[AF],5.0,1326319.0,1026.0
946,2067-01-01,Unmet_Dem_OUT_MT_SW[AF],3.0,1326387.0,1029.0
947,2067-06-01,Unmet_Dem_OUT_MT_SW[AF],23.0,1352179.0,1052.0
948,2067-07-01,Unmet_Dem_OUT_MT_SW[AF],16.0,1368487.0,1068.0
949,2067-08-01,Unmet_Dem_OUT_MT_SW[AF],12.0,1387936.0,1080.0
950,2067-09-01,Unmet_Dem_OUT_MT_SW[AF],10.0,1405492.0,1090.0
951,2067-10-01,Unmet_Dem_OUT_MT_SW[AF],7.0,1420704.0,1097.0
952,2067-11-01,Unmet_Dem_OUT_MT_SW[AF],7.0,1431974.0,1104.0
953,2067-12-01,Unmet_Dem_OUT_MT_SW[AF],8.0,1432003.0,1112.0
954,2068-10-01,Unmet_Dem_OUT_MT_SW[AF],-1.0,1435157.0,1111.0
955,2068-11-01,Unmet_Dem_OUT_MT_SW[AF],-4.0,1435153.0,1107.0
956,2068-12-01,Unmet_Dem_OUT_MT_SW[AF],-6.0,1436818.0,1101.0
957,2069-06-01,Unmet_Dem_OUT_MT_SW[AF],6.0,1456973.0,1107.0
958,2069-07-01,Unmet_Dem_OUT_MT_SW[AF],3.0,1470620.0,1110.0
959,2069-08-01,Unmet_Dem_OUT_MT_SW[AF],3.0,1479041.0,1113.0
960,2069-09-01,Unmet_Dem_OUT_MT_SW[AF],4.0,1488097.0,1117.0
961,2069-10-01,Unmet_Dem_OUT_MT_SW[AF],5.0,1497848.0,1122.0
962,2070-08-01,Unmet_Dem_OUT_MT_SW[AF],-2.0,1577917.0,1120.0
963,2070-11-01,Unmet_Dem_OUT_MT_SW[AF],-3.0,1619262.0,1117.0
964,2024-09-01,Unmet_Dem_OUT_NV_N[AF],12.0,14759.0,12.0
965,2024-10-01,Unmet_Dem_OUT_NV_N[AF],10.0,15262.0,22.0
966,2024-11-01,Unmet_Dem_OUT_NV_N[AF],6.0,15269.0,28.0
967,2024-12-01,Unmet_Dem_OUT_NV_N[AF],7.0,15289.0,35.0
968,2029-07-01,Unmet_Dem_OUT_NV_N[AF],27.0,75797.0,62.0
969,2029-08-01,Unmet_Dem_OUT_NV_N[AF],21.0,82065.0,83.0
970,2029-09-01,Unmet_Dem_OUT_NV_N[AF],31.0,87482.0,114.0
971,2029-10-01,Unmet_Dem_OUT_NV_N[AF],25.0,92975.0,139.0
972,2029-11-01,Unmet_Dem_OUT_NV_N[AF],26.0,98049.0,165.0
973,2029-12-01,Unmet_Dem_OUT_NV_N[AF],5.0,98054.0,170.0
974,2030-08-01,Unmet_Dem_OUT_NV_N[AF],20.0,108700.0,190.0
975,2030-09-01,Unmet_Dem_OUT_NV_N[AF],23.0,113899.0,213.0
976,2030-10-01,Unmet_Dem_OUT_NV_N[AF],24.0,117837.0,237.0
977,2030-11-01,Unmet_Dem_OUT_NV_N[AF],14.0,119768.0,251.0
978,2030-12-01,Unmet_Dem_OUT_NV_N[AF],12.0,119797.0,263.0
979,2031-01-01,Unmet_Dem_OUT_NV_N[AF],4.0,119811.0,267.0
980,2034-03-01,Unmet_Dem_OUT_NV_N[AF],24.0,120239.0,291.0
981,2034-06-01,Unmet_Dem_OUT_NV_N[AF],27.0,130739.0,318.0
982,2034-07-01,Unmet_Dem_OUT_NV_N[AF],48.0,139989.0,366.0
983,2034-08-01,Unmet_Dem_OUT_NV_N[AF],43.0,144216.0,409.0
984,2034-09-01,Unmet_Dem_OUT_NV_N[AF],44.0,151018.0,453.0
985,2034-10-01,Unmet_Dem_OUT_NV_N[AF],35.0,158722.0,488.0
986,2034-11-01,Unmet_Dem_OUT_NV_N[AF],35.0,165397.0,523.0
987,2034-12-01,Unmet_Dem_OUT_NV_N[AF],23.0,166187.0,546.0
988,2035-01-01,Unmet_Dem_OUT_NV_N[AF],13.0,166200.0,559.0
989,2035-02-01,Unmet_Dem_OUT_NV_N[AF],9.0,166209.0,568.0
990,2035-03-01,Unmet_Dem_OUT_NV_N[AF],13.0,166222.0,581.0
991,2035-04-01,Unmet_Dem_OUT_NV_N[AF],30.0,166252.0,611.0
992,2035-06-01,Unmet_Dem_OUT_NV_N[AF],48.0,176274.0,659.0
993,2035-07-01,Unmet_Dem_OUT_NV_N[AF],49.0,180741.0,708.0
994,2035-08-01,Unmet_Dem_OUT_NV_N[AF],48.0,189330.0,756.0
995,2035-09-01,Unmet_Dem_OUT_NV_N[AF],46.0,198262.0,802.0
996,2035-10-01,Unmet_Dem_OUT_NV_N[AF],48.0,207514.0,850.0
997,2035-11-01,Unmet_Dem_OUT_NV_N[AF],34.0,214254.0,884.0
998,2035-12-01,Unmet_Dem_OUT_NV_N[AF],26.0,217118.0,910.0
999,2036-01-01,Unmet_Dem_OUT_NV_N[AF],21.0,219417.0,931.0
1000,2036-02-01,Unmet_Dem_OUT_NV_N[AF],16.0,219433.0,947.0
1001,2036-03-01,Unmet_Dem_OUT_NV_N[AF],1.0,219434.0,948.0
1002,2036-06-01,Unmet_Dem_OUT_NV_N[AF],48.0,238413.0,996.0
1003,2036-07-01,Unmet_Dem_OUT_NV_N[AF],52.0,249426.0,1048.0
1004,2036-08-01,Unmet_Dem_OUT_NV_N[AF],47.0,260423.0,1095.0
1005,2036-09-01,Unmet_Dem_OUT_NV_N[AF],29.0,271650.0,1124.0
1006,2036-10-01,Unmet_Dem_OUT_NV_N[AF],39.0,278657.0,1163.0
1007,2036-11-01,Unmet_Dem_OUT_NV_N[AF],32.0,286006.0,1195.0
1008,2036-12-01,Unmet_Dem_OUT_NV_N[AF],22.0,287403.0,1217.0
1009,2037-01-01,Unmet_Dem_OUT_NV_N[AF],26.0,288113.0,1243.0
1010,2037-08-01,Unmet_Dem_OUT_NV_N[AF],55.0,322499.0,1298.0
1011,2037-09-01,Unmet_Dem_OUT_NV_N[AF],47.0,332725.0,1345.0
1012,2037-10-01,Unmet_Dem_OUT_NV_N[AF],47.0,342566.0,1392.0
1013,2037-11-01,Unmet_Dem_OUT_NV_N[AF],29.0,347685.0,1421.0
1014,2037-12-01,Unmet_Dem_OUT_NV_N[AF],26.0,348916.0,1447.0
1015,2040-08-01,Unmet_Dem_OUT_NV_N[AF],53.0,398567.0,1500.0
1016,2040-09-01,Unmet_Dem_OUT_NV_N[AF],56.0,400490.0,1556.0
1017,2040-10-01,Unmet_Dem_OUT_NV_N[AF],50.0,405738.0,1606.0
1018,2040-11-01,Unmet_Dem_OUT_NV_N[AF],29.0,405857.0,1635.0
1019,2043-06-01,Unmet_Dem_OUT_NV_N[AF],66.0,450468.0,1701.0
1020,2043-07-01,Unmet_Dem_OUT_NV_N[AF],78.0,462626.0,1779.0
1021,2043-08-01,Unmet_Dem_OUT_NV_N[AF],76.0,477676.0,1855.0
1022,2043-09-01,Unmet_Dem_OUT_NV_N[AF],69.0,492181.0,1924.0
1023,2043-10-01,Unmet_Dem_OUT_NV_N[AF],58.0,505597.0,1982.0
1024,2044-10-01,Unmet_Dem_OUT_NV_N[AF],55.0,574729.0,2037.0
1025,2044-11-01,Unmet_Dem_OUT_NV_N[AF],36.0,578579.0,2073.0
1026,2044-12-01,Unmet_Dem_OUT_NV_N[AF],6.0,578585.0,2079.0
1027,2047-10-01,Unmet_Dem_OUT_NV_N[AF],45.0,683020.0,2124.0
1028,2047-11-01,Unmet_Dem_OUT_NV_N[AF],38.0,686659.0,2162.0
1029,2051-11-01,Unmet_Dem_OUT_NV_N[AF],24.0,763079.0,2186.0
1030,2052-09-01,Unmet_Dem_OUT_NV_N[AF],69.0,799415.0,2255.0
1031,2052-10-01,Unmet_Dem_OUT_NV_N[AF],39.0,808900.0,2294.0
1032,2054-08-01,Unmet_Dem_OUT_NV_N[AF],49.0,913959.0,2343.0
1033,2056-08-01,Unmet_Dem_OUT_NV_N[AF],84.0,1005966.0,2427.0
1034,2056-09-01,Unmet_Dem_OUT_NV_N[AF],78.0,1011207.0,2505.0
1035,2056-10-01,Unmet_Dem_OUT_NV_N[AF],69.0,1016417.0,2574.0
1036,2056-11-01,Unmet_Dem_OUT_NV_N[AF],40.0,1016466.0,2614.0
1037,2056-12-01,Unmet_Dem_OUT_NV_N[AF],36.0,1016542.0,2650.0
1038,2057-09-01,Unmet_Dem_OUT_NV_N[AF],67.0,1060860.0,2717.0
1039,2057-10-01,Unmet_Dem_OUT_NV_N[AF],66.0,1069228.0,2783.0
1040,2057-11-01,Unmet_Dem_OUT_NV_N[AF],48.0,1075105.0,2831.0
1041,2060-10-01,Unmet_Dem_OUT_NV_N[AF],54.0,1147034.0,2885.0
1042,2065-09-01,Unmet_Dem_OUT_NV_N[AF],18.0,1190227.0,2903.0
1043,2065-10-01,Unmet_Dem_OUT_NV_N[AF],48.0,1197121.0,2951.0
1044,2065-11-01,Unmet_Dem_OUT_NV_N[AF],34.0,1204417.0,2985.0
1045,2065-12-01,Unmet_Dem_OUT_NV_N[AF],28.0,1204446.0,3013.0
1046,2066-02-01,Unmet_Dem_OUT_NV_N[AF],34.0,1204480.0,3047.0
1047,2066-03-01,Unmet_Dem_OUT_NV_N[AF],48.0,1208028.0,3095.0
1048,2066-04-01,Unmet_Dem_OUT_NV_N[AF],62.0,1215789.0,3157.0
1049,2066-05-01,Unmet_Dem_OUT_NV_N[AF],69.0,1227437.0,3226.0
1050,2066-06-01,Unmet_Dem_OUT_NV_N[AF],85.0,1242538.0,3311.0
1051,2066-07-01,Unmet_Dem_OUT_NV_N[AF],65.0,1261708.0,3376.0
1052,2066-08-01,Unmet_Dem_OUT_NV_N[AF],73.0,1281448.0,3449.0
1053,2066-09-01,Unmet_Dem_OUT_NV_N[AF],71.0,1298177.0,3520.0
1054,2066-10-01,Unmet_Dem_OUT_NV_N[AF],76.0,1313364.0,3596.0
1055,2066-11-01,Unmet_Dem_OUT_NV_N[AF],75.0,1324870.0,3671.0
1056,2066-12-01,Unmet_Dem_OUT_NV_N[AF],63.0,1326319.0,3734.0
1057,2067-01-01,Unmet_Dem_OUT_NV_N[AF],31.0,1326387.0,3765.0
1058,2067-02-01,Unmet_Dem_OUT_NV_N[AF],24.0,1326417.0,3789.0
1059,2067-03-01,Unmet_Dem_OUT_NV_N[AF],40.0,1326457.0,3829.0
1060,2067-04-01,Unmet_Dem_OUT_NV_N[AF],63.0,1329940.0,3892.0
1061,2067-06-01,Unmet_Dem_OUT_NV_N[AF],65.0,1352179.0,3957.0
1062,2067-07-01,Unmet_Dem_OUT_NV_N[AF],58.0,1368487.0,4015.0
1063,2067-08-01,Unmet_Dem_OUT_NV_N[AF],48.0,1387936.0,4063.0
1064,2067-09-01,Unmet_Dem_OUT_NV_N[AF],54.0,1405492.0,4117.0
1065,2067-10-01,Unmet_Dem_OUT_NV_N[AF],56.0,1420704.0,4173.0
1066,2067-11-01,Unmet_Dem_OUT_NV_N[AF],35.0,1431974.0,4208.0
1067,2069-10-01,Unmet_Dem_OUT_NV_N[AF],55.0,1497848.0,4263.0
1068,2069-12-01,Unmet_Dem_OUT_NV_N[AF],7.0,1503067.0,4270.0
1069,2070-01-01,Unmet_Dem_OUT_NV_N[AF],23.0,1503090.0,4293.0
1070,2070-06-01,Unmet_Dem_OUT_NV_N[AF],73.0,1540171.0,4366.0
1071,2070-07-01,Unmet_Dem_OUT_NV_N[AF],70.0,1558701.0,4436.0
1072,2070-08-01,Unmet_Dem_OUT_NV_N[AF],10.0,1577917.0,4446.0
1073,2070-09-01,Unmet_Dem_OUT_NV_N[AF],48.0,1592746.0,4494.0
1074,2070-10-01,Unmet_Dem_OUT_NV_N[AF],52.0,1607919.0,4546.0
1075,2070-11-01,Unmet_Dem_OUT_NV_N[AF],17.0,1619262.0,4563.0
1076,2025-09-01,Unmet_Dem_OUT_WA_ID_AVA[AF],491.0,40064.0,491.0
1077,2050-09-01,Unmet_Dem_OUT_WA_SEATAC[AF],84.0,709498.0,84.0
1078,2051-09-01,Unmet_Dem_OUT_WA_SEATAC[AF],24.0,757353.0,108.0
1079,2053-09-01,Unmet_Dem_OUT_WA_SEATAC[AF],225.0,856592.0,333.0
1080,2053-10-01,Unmet_Dem_OUT_WA_SEATAC[AF],118.0,858881.0,451.0
1081,2054-08-01,Unmet_Dem_OUT_WA_SEATAC[AF],57.0,913959.0,508.0
1082,2054-09-01,Unmet_Dem_OUT_WA_SEATAC[AF],81.0,920576.0,589.0
1083,2057-08-01,Unmet_Dem_OUT_WA_SEATAC[AF],248.0,1056045.0,837.0
1084,2057-09-01,Unmet_Dem_OUT_WA_SEATAC[AF],323.0,1060860.0,1160.0
1085,2057-10-01,Unmet_Dem_OUT_WA_SEATAC[AF],84.0,1069228.0,1244.0
1086,2059-08-01,Unmet_Dem_OUT_WA_SEATAC[AF],402.0,1109514.0,1646.0
1087,2059-09-01,Unmet_Dem_OUT_WA_SEATAC[AF],565.0,1110727.0,2211.0
1088,2063-09-01,Unmet_Dem_OUT_WA_SEATAC[AF],388.0,1149808.0,2599.0
1089,2064-08-01,Unmet_Dem_OUT_WA_SEATAC[AF],353.0,1150755.0,2952.0
1090,2064-09-01,Unmet_Dem_OUT_WA_SEATAC[AF],184.0,1150962.0,3136.0
1091,2066-08-01,Unmet_Dem_OUT_WA_SEATAC[AF],119.0,1281448.0,3255.0
1092,2067-08-01,Unmet_Dem_OUT_WA_SEATAC[AF],725.0,1387936.0,3980.0
1093,2067-09-01,Unmet_Dem_OUT_WA_SEATAC[AF],720.0,1405492.0,4700.0
1094,2068-08-01,Unmet_Dem_OUT_WA_SEATAC[AF],449.0,1432470.0,5149.0
1095,2068-09-01,Unmet_Dem_OUT_WA_SEATAC[AF],468.0,1434903.0,5617.0
1096,2068-10-01,Unmet_Dem_OUT_WA_SEATAC[AF],246.0,1435157.0,5863.0
1097,2069-08-01,Unmet_Dem_OUT_WA_SEATAC[AF],218.0,1479041.0,6081.0
1098,2069-09-01,Unmet_Dem_OUT_WA_SEATAC[AF],271.0,1488097.0,6352.0
1099,2069-10-01,Unmet_Dem_OUT_WA_SEATAC[AF],50.0,1497848.0,6402.0
1100,2070-09-01,Unmet_Dem_OUT_WA_SEATAC[AF],279.0,1592746.0,6681.0
1101,2021-08-01,Unmet_Dem_OUT_WY_NE[AF],-26.0,1509.0,-26.0
1102,2021-09-01,Unmet_Dem_OUT_WY_NE[AF],19.0,2061.0,-7.0
1103,2021-10-01,Unmet_Dem_OUT_WY_NE[AF],31.0,2641.0,24.0
1104,2021-11-01,Unmet_Dem_OUT_WY_NE[AF],15.0,2824.0,39.0
1105,2022-07-01,Unmet_Dem_OUT_WY_NE[AF],-3.0,3915.0,36.0
1106,2022-08-01,Unmet_Dem_OUT_WY_NE[AF],22.0,3943.0,58.0
1107,2022-09-01,Unmet_Dem_OUT_WY_NE[AF],36.0,3984.0,94.0
1108,2022-10-01,Unmet_Dem_OUT_WY_NE[AF],27.0,4015.0,121.0
1109,2022-12-01,Unmet_Dem_OUT_WY_NE[AF],2.0,4023.0,123.0
1110,2023-07-01,Unmet_Dem_OUT_WY_NE[AF],-4.0,8977.0,119.0
1111,2023-08-01,Unmet_Dem_OUT_WY_NE[AF],-34.0,9093.0,85.0
1112,2023-09-01,Unmet_Dem_OUT_WY_NE[AF],-18.0,9591.0,67.0
1113,2023-10-01,Unmet_Dem_OUT_WY_NE[AF],-9.0,9428.0,58.0
1114,2023-11-01,Unmet_Dem_OUT_WY_NE[AF],-8.0,9422.0,50.0
1115,2023-12-01,Unmet_Dem_OUT_WY_NE[AF],3.0,9424.0,53.0
1116,2024-07-01,Unmet_Dem_OUT_WY_NE[AF],-4.0,13568.0,49.0
1117,2024-09-01,Unmet_Dem_OUT_WY_NE[AF],4.0,14759.0,53.0
1118,2024-10-01,Unmet_Dem_OUT_WY_NE[AF],7.0,15262.0,60.0
1119,2024-11-01,Unmet_Dem_OUT_WY_NE[AF],6.0,15269.0,66.0
1120,2024-12-01,Unmet_Dem_OUT_WY_NE[AF],5.0,15289.0,71.0
1121,2025-07-01,Unmet_Dem_OUT_WY_NE[AF],-19.0,16597.0,52.0
1122,2025-08-01,Unmet_Dem_OUT_WY_NE[AF],16.0,31574.0,68.0
1123,2025-09-01,Unmet_Dem_OUT_WY_NE[AF],5.0,40064.0,73.0
1124,2025-10-01,Unmet_Dem_OUT_WY_NE[AF],-11.0,43974.0,62.0
1125,2025-11-01,Unmet_Dem_OUT_WY_NE[AF],-21.0,45735.0,41.0
1126,2025-12-01,Unmet_Dem_OUT_WY_NE[AF],-26.0,45807.0,15.0
1127,2026-07-01,Unmet_Dem_OUT_WY_NE[AF],-51.0,51565.0,-36.0
1128,2026-08-01,Unmet_Dem_OUT_WY_NE[AF],-32.0,51512.0,-68.0
1129,2026-09-01,Unmet_Dem_OUT_WY_NE[AF],-25.0,51480.0,-93.0
1130,2026-10-01,Unmet_Dem_OUT_WY_NE[AF],-42.0,51440.0,-135.0
1131,2026-11-01,Unmet_Dem_OUT_WY_NE[AF],-47.0,51392.0,-182.0
1132,2027-08-01,Unmet_Dem_OUT_WY_NE[AF],-9.0,51379.0,-191.0
1133,2027-09-01,Unmet_Dem_OUT_WY_NE[AF],-18.0,51358.0,-209.0
1134,2027-10-01,Unmet_Dem_OUT_WY_NE[AF],-19.0,51338.0,-228.0
1135,2027-11-01,Unmet_Dem_OUT_WY_NE[AF],56.0,51437.0,-172.0
1136,2028-08-01,Unmet_Dem_OUT_WY_NE[AF],36.0,58788.0,-136.0
1137,2028-09-01,Unmet_Dem_OUT_WY_NE[AF],5.0,58789.0,-131.0
1138,2028-10-01,Unmet_Dem_OUT_WY_NE[AF],-61.0,58715.0,-192.0
1139,2029-07-01,Unmet_Dem_OUT_WY_NE[AF],13.0,75797.0,-179.0
1140,2029-08-01,Unmet_Dem_OUT_WY_NE[AF],37.0,82065.0,-142.0
1141,2029-10-01,Unmet_Dem_OUT_WY_NE[AF],50.0,92975.0,-92.0
1142,2030-09-01,Unmet_Dem_OUT_WY_NE[AF],-13.0,113899.0,-105.0
1143,2032-08-01,Unmet_Dem_OUT_WY_NE[AF],3.0,120170.0,-102.0
1144,2032-09-01,Unmet_Dem_OUT_WY_NE[AF],3.0,120179.0,-99.0
1145,2033-08-01,Unmet_Dem_OUT_WY_NE[AF],9.0,120188.0,-90.0
1146,2033-09-01,Unmet_Dem_OUT_WY_NE[AF],6.0,120197.0,-84.0
1147,2033-11-01,Unmet_Dem_OUT_WY_NE[AF],7.0,120215.0,-77.0
1148,2034-07-01,Unmet_Dem_OUT_WY_NE[AF],-4.0,139989.0,-81.0
1149,2034-08-01,Unmet_Dem_OUT_WY_NE[AF],-32.0,144216.0,-113.0
1150,2034-09-01,Unmet_Dem_OUT_WY_NE[AF],-25.0,151018.0,-138.0
1151,2034-10-01,Unmet_Dem_OUT_WY_NE[AF],-10.0,158722.0,-148.0
1152,2034-11-01,Unmet_Dem_OUT_WY_NE[AF],10.0,165397.0,-138.0
1153,2035-07-01,Unmet_Dem_OUT_WY_NE[AF],2.0,180741.0,-136.0
1154,2035-08-01,Unmet_Dem_OUT_WY_NE[AF],-13.0,189330.0,-149.0
1155,2035-09-01,Unmet_Dem_OUT_WY_NE[AF],5.0,198262.0,-144.0
1156,2035-10-01,Unmet_Dem_OUT_WY_NE[AF],9.0,207514.0,-135.0
1157,2036-06-01,Unmet_Dem_OUT_WY_NE[AF],-10.0,238413.0,-145.0
1158,2036-07-01,Unmet_Dem_OUT_WY_NE[AF],-7.0,249426.0,-152.0
1159,2036-08-01,Unmet_Dem_OUT_WY_NE[AF],17.0,260423.0,-135.0
1160,2036-09-01,Unmet_Dem_OUT_WY_NE[AF],-7.0,271650.0,-142.0
1161,2036-10-01,Unmet_Dem_OUT_WY_NE[AF],22.0,278657.0,-120.0
1162,2036-11-01,Unmet_Dem_OUT_WY_NE[AF],23.0,286006.0,-97.0
1163,2037-07-01,Unmet_Dem_OUT_WY_NE[AF],-8.0,314393.0,-105.0
1164,2037-08-01,Unmet_Dem_OUT_WY_NE[AF],-26.0,322499.0,-131.0
1165,2037-09-01,Unmet_Dem_OUT_WY_NE[AF],-9.0,332725.0,-140.0
1166,2037-10-01,Unmet_Dem_OUT_WY_NE[AF],-9.0,342566.0,-149.0
1167,2037-11-01,Unmet_Dem_OUT_WY_NE[AF],-5.0,347685.0,-154.0
1168,2037-12-01,Unmet_Dem_OUT_WY_NE[AF],15.0,348916.0,-139.0
1169,2038-01-01,Unmet_Dem_OUT_WY_NE[AF],9.0,348927.0,-130.0
1170,2038-06-01,Unmet_Dem_OUT_WY_NE[AF],-3.0,361947.0,-133.0
1171,2038-07-01,Unmet_Dem_OUT_WY_NE[AF],-8.0,361934.0,-141.0
1172,2038-08-01,Unmet_Dem_OUT_WY_NE[AF],-2.0,361926.0,-143.0
1173,2038-09-01,Unmet_Dem_OUT_WY_NE[AF],-2.0,361919.0,-145.0
1174,2038-10-01,Unmet_Dem_OUT_WY_NE[AF],-3.0,361913.0,-148.0
1175,2038-11-01,Unmet_Dem_OUT_WY_NE[AF],-4.0,361911.0,-152.0
1176,2039-07-01,Unmet_Dem_OUT_WY_NE[AF],9.0,380346.0,-143.0
1177,2039-08-01,Unmet_Dem_OUT_WY_NE[AF],16.0,380373.0,-127.0
1178,2039-09-01,Unmet_Dem_OUT_WY_NE[AF],-17.0,380362.0,-144.0
1179,2039-10-01,Unmet_Dem_OUT_WY_NE[AF],-13.0,380351.0,-157.0
1180,2039-11-01,Unmet_Dem_OUT_WY_NE[AF],-20.0,380334.0,-177.0
1181,2039-12-01,Unmet_Dem_OUT_WY_NE[AF],21.0,380365.0,-156.0
1182,2040-07-01,Unmet_Dem_OUT_WY_NE[AF],-22.0,396867.0,-178.0
1183,2040-09-01,Unmet_Dem_OUT_WY_NE[AF],-6.0,400490.0,-184.0
1184,2040-10-01,Unmet_Dem_OUT_WY_NE[AF],-7.0,405738.0,-191.0
1185,2040-11-01,Unmet_Dem_OUT_WY_NE[AF],-12.0,405857.0,-203.0
1186,2040-12-01,Unmet_Dem_OUT_WY_NE[AF],9.0,405866.0,-194.0
1187,2041-01-01,Unmet_Dem_OUT_WY_NE[AF],12.0,405878.0,-182.0
1188,2041-02-01,Unmet_Dem_OUT_WY_NE[AF],6.0,405888.0,-176.0
1189,2041-06-01,Unmet_Dem_OUT_WY_NE[AF],11.0,420690.0,-165.0
1190,2041-07-01,Unmet_Dem_OUT_WY_NE[AF],20.0,423513.0,-145.0
1191,2041-08-01,Unmet_Dem_OUT_WY_NE[AF],22.0,423538.0,-123.0
1192,2041-09-01,Unmet_Dem_OUT_WY_NE[AF],9.0,423551.0,-114.0
1193,2041-10-01,Unmet_Dem_OUT_WY_NE[AF],6.0,423563.0,-108.0
1194,2042-08-01,Unmet_Dem_OUT_WY_NE[AF],8.0,433123.0,-100.0
1195,2042-09-01,Unmet_Dem_OUT_WY_NE[AF],-4.0,433125.0,-104.0
1196,2042-10-01,Unmet_Dem_OUT_WY_NE[AF],2.0,433136.0,-102.0
1197,2042-11-01,Unmet_Dem_OUT_WY_NE[AF],3.0,433144.0,-99.0
1198,2042-12-01,Unmet_Dem_OUT_WY_NE[AF],8.0,433161.0,-91.0
1199,2043-01-01,Unmet_Dem_OUT_WY_NE[AF],17.0,433192.0,-74.0
1200,2043-02-01,Unmet_Dem_OUT_WY_NE[AF],11.0,433212.0,-63.0
1201,2043-03-01,Unmet_Dem_OUT_WY_NE[AF],7.0,433225.0,-56.0
1202,2043-07-01,Unmet_Dem_OUT_WY_NE[AF],-19.0,462626.0,-75.0
1203,2043-08-01,Unmet_Dem_OUT_WY_NE[AF],-11.0,477676.0,-86.0
1204,2043-09-01,Unmet_Dem_OUT_WY_NE[AF],-8.0,492181.0,-94.0
1205,2043-10-01,Unmet_Dem_OUT_WY_NE[AF],-3.0,505597.0,-97.0
1206,2043-11-01,Unmet_Dem_OUT_WY_NE[AF],7.0,512589.0,-90.0
1207,2043-12-01,Unmet_Dem_OUT_WY_NE[AF],9.0,512605.0,-81.0
1208,2044-01-01,Unmet_Dem_OUT_WY_NE[AF],6.0,512616.0,-75.0
1209,2044-07-01,Unmet_Dem_OUT_WY_NE[AF],-5.0,558020.0,-80.0
1210,2044-11-01,Unmet_Dem_OUT_WY_NE[AF],2.0,578579.0,-78.0
1211,2045-08-01,Unmet_Dem_OUT_WY_NE[AF],-15.0,605150.0,-93.0
1212,2045-09-01,Unmet_Dem_OUT_WY_NE[AF],-21.0,614810.0,-114.0
1213,2045-10-01,Unmet_Dem_OUT_WY_NE[AF],3.0,622743.0,-111.0
1214,2046-07-01,Unmet_Dem_OUT_WY_NE[AF],10.0,647912.0,-101.0
1215,2046-08-01,Unmet_Dem_OUT_WY_NE[AF],22.0,647965.0,-79.0
1216,2046-09-01,Unmet_Dem_OUT_WY_NE[AF],16.0,648002.0,-63.0
1217,2046-10-01,Unmet_Dem_OUT_WY_NE[AF],13.0,648436.0,-50.0
1218,2047-08-01,Unmet_Dem_OUT_WY_NE[AF],1.0,676821.0,-49.0
1219,2047-09-01,Unmet_Dem_OUT_WY_NE[AF],4.0,678843.0,-45.0
1220,2047-10-01,Unmet_Dem_OUT_WY_NE[AF],23.0,683020.0,-22.0
1221,2048-07-01,Unmet_Dem_OUT_WY_NE[AF],-2.0,686662.0,-24.0
1222,2048-08-01,Unmet_Dem_OUT_WY_NE[AF],23.0,686688.0,-1.0
1223,2049-07-01,Unmet_Dem_OUT_WY_NE[AF],-8.0,700311.0,-9.0
1224,2049-08-01,Unmet_Dem_OUT_WY_NE[AF],2.0,700312.0,-7.0
1225,2049-09-01,Unmet_Dem_OUT_WY_NE[AF],3.0,700318.0,-4.0
1226,2049-10-01,Unmet_Dem_OUT_WY_NE[AF],-1.0,700309.0,-5.0
1227,2050-07-01,Unmet_Dem_OUT_WY_NE[AF],2.0,709445.0,-3.0
1228,2050-08-01,Unmet_Dem_OUT_WY_NE[AF],-22.0,709424.0,-25.0
1229,2050-09-01,Unmet_Dem_OUT_WY_NE[AF],-19.0,709498.0,-44.0
1230,2050-10-01,Unmet_Dem_OUT_WY_NE[AF],-1.0,709510.0,-45.0
1231,2051-06-01,Unmet_Dem_OUT_WY_NE[AF],11.0,737297.0,-34.0
1232,2051-07-01,Unmet_Dem_OUT_WY_NE[AF],30.0,750594.0,-4.0
1233,2051-08-01,Unmet_Dem_OUT_WY_NE[AF],8.0,752039.0,4.0
1234,2051-09-01,Unmet_Dem_OUT_WY_NE[AF],28.0,757353.0,32.0
1235,2051-10-01,Unmet_Dem_OUT_WY_NE[AF],5.0,760374.0,37.0
1236,2051-11-01,Unmet_Dem_OUT_WY_NE[AF],17.0,763079.0,54.0
1237,2052-07-01,Unmet_Dem_OUT_WY_NE[AF],22.0,792693.0,76.0
1238,2052-08-01,Unmet_Dem_OUT_WY_NE[AF],35.0,793141.0,111.0
1239,2052-09-01,Unmet_Dem_OUT_WY_NE[AF],17.0,799415.0,128.0
1240,2052-10-01,Unmet_Dem_OUT_WY_NE[AF],27.0,808900.0,155.0
1241,2052-11-01,Unmet_Dem_OUT_WY_NE[AF],37.0,813577.0,192.0
1242,2052-12-01,Unmet_Dem_OUT_WY_NE[AF],40.0,813637.0,232.0
1243,2053-08-01,Unmet_Dem_OUT_WY_NE[AF],-21.0,851713.0,211.0
1244,2053-09-01,Unmet_Dem_OUT_WY_NE[AF],7.0,856592.0,218.0
1245,2053-10-01,Unmet_Dem_OUT_WY_NE[AF],4.0,858881.0,222.0
1246,2053-11-01,Unmet_Dem_OUT_WY_NE[AF],13.0,862341.0,235.0
1247,2053-12-01,Unmet_Dem_OUT_WY_NE[AF],35.0,862402.0,270.0
1248,2054-01-01,Unmet_Dem_OUT_WY_NE[AF],8.0,862425.0,278.0
1249,2054-06-01,Unmet_Dem_OUT_WY_NE[AF],4.0,889448.0,282.0
1250,2054-07-01,Unmet_Dem_OUT_WY_NE[AF],2.0,905565.0,284.0
1251,2054-09-01,Unmet_Dem_OUT_WY_NE[AF],2.0,920576.0,286.0
1252,2054-10-01,Unmet_Dem_OUT_WY_NE[AF],9.0,929705.0,295.0
1253,2054-11-01,Unmet_Dem_OUT_WY_NE[AF],12.0,932396.0,307.0
1254,2054-12-01,Unmet_Dem_OUT_WY_NE[AF],12.0,932262.0,319.0
1255,2055-01-01,Unmet_Dem_OUT_WY_NE[AF],13.0,932285.0,332.0
1256,2055-02-01,Unmet_Dem_OUT_WY_NE[AF],10.0,932303.0,342.0
1257,2055-07-01,Unmet_Dem_OUT_WY_NE[AF],4.0,958590.0,346.0
1258,2055-08-01,Unmet_Dem_OUT_WY_NE[AF],2.0,959344.0,348.0
1259,2055-09-01,Unmet_Dem_OUT_WY_NE[AF],2.0,961311.0,350.0
1260,2055-10-01,Unmet_Dem_OUT_WY_NE[AF],4.0,961318.0,354.0
1261,2055-11-01,Unmet_Dem_OUT_WY_NE[AF],3.0,961325.0,357.0
1262,2055-12-01,Unmet_Dem_OUT_WY_NE[AF],27.0,961368.0,384.0
1263,2056-06-01,Unmet_Dem_OUT_WY_NE[AF],24.0,980871.0,408.0
1264,2056-07-01,Unmet_Dem_OUT_WY_NE[AF],8.0,998392.0,416.0
1265,2056-08-01,Unmet_Dem_OUT_WY_NE[AF],24.0,1005966.0,440.0
1266,2056-09-01,Unmet_Dem_OUT_WY_NE[AF],7.0,1011207.0,447.0
1267,2056-10-01,Unmet_Dem_OUT_WY_NE[AF],2.0,1016417.0,449.0
1268,2056-11-01,Unmet_Dem_OUT_WY_NE[AF],4.0,1016466.0,453.0
1269,2056-12-01,Unmet_Dem_OUT_WY_NE[AF],26.0,1016542.0,479.0
1270,2057-06-01,Unmet_Dem_OUT_WY_NE[AF],3.0,1034580.0,482.0
1271,2057-07-01,Unmet_Dem_OUT_WY_NE[AF],8.0,1050783.0,490.0
1272,2057-08-01,Unmet_Dem_OUT_WY_NE[AF],4.0,1056045.0,494.0
1273,2057-09-01,Unmet_Dem_OUT_WY_NE[AF],3.0,1060860.0,497.0
1274,2057-10-01,Unmet_Dem_OUT_WY_NE[AF],-19.0,1069228.0,478.0
1275,2057-11-01,Unmet_Dem_OUT_WY_NE[AF],-17.0,1075105.0,461.0
1276,2057-12-01,Unmet_Dem_OUT_WY_NE[AF],9.0,1075128.0,470.0
1277,2058-01-01,Unmet_Dem_OUT_WY_NE[AF],10.0,1075152.0,480.0
1278,2058-02-01,Unmet_Dem_OUT_WY_NE[AF],6.0,1075164.0,486.0
1279,2058-07-01,Unmet_Dem_OUT_WY_NE[AF],3.0,1087234.0,489.0
1280,2058-08-01,Unmet_Dem_OUT_WY_NE[AF],9.0,1087510.0,498.0
1281,2058-09-01,Unmet_Dem_OUT_WY_NE[AF],13.0,1089335.0,511.0
1282,2058-10-01,Unmet_Dem_OUT_WY_NE[AF],11.0,1089352.0,522.0
1283,2058-11-01,Unmet_Dem_OUT_WY_NE[AF],12.0,1089371.0,534.0
1284,2059-09-01,Unmet_Dem_OUT_WY_NE[AF],-9.0,1110727.0,525.0
1285,2060-07-01,Unmet_Dem_OUT_WY_NE[AF],3.0,1132594.0,528.0
1286,2060-09-01,Unmet_Dem_OUT_WY_NE[AF],-4.0,1138754.0,524.0
1287,2060-10-01,Unmet_Dem_OUT_WY_NE[AF],5.0,1147034.0,529.0
1288,2061-07-01,Unmet_Dem_OUT_WY_NE[AF],13.0,1148298.0,542.0
1289,2061-08-01,Unmet_Dem_OUT_WY_NE[AF],-4.0,1148293.0,538.0
1290,2061-09-01,Unmet_Dem_OUT_WY_NE[AF],-1.0,1149445.0,537.0
1291,2061-11-01,Unmet_Dem_OUT_WY_NE[AF],-19.0,1149428.0,518.0
1292,2062-06-01,Unmet_Dem_OUT_WY_NE[AF],-10.0,1149412.0,508.0
1293,2062-07-01,Unmet_Dem_OUT_WY_NE[AF],-4.0,1149410.0,504.0
1294,2062-08-01,Unmet_Dem_OUT_WY_NE[AF],5.0,1149404.0,509.0
1295,2062-09-01,Unmet_Dem_OUT_WY_NE[AF],17.0,1149435.0,526.0
1296,2062-10-01,Unmet_Dem_OUT_WY_NE[AF],9.0,1149429.0,535.0
1297,2062-11-01,Unmet_Dem_OUT_WY_NE[AF],-17.0,1149388.0,518.0
1298,2063-08-01,Unmet_Dem_OUT_WY_NE[AF],5.0,1149401.0,523.0
1299,2063-09-01,Unmet_Dem_OUT_WY_NE[AF],10.0,1149808.0,533.0
1300,2063-10-01,Unmet_Dem_OUT_WY_NE[AF],36.0,1149877.0,569.0
1301,2064-07-01,Unmet_Dem_OUT_WY_NE[AF],19.0,1150381.0,588.0
1302,2064-08-01,Unmet_Dem_OUT_WY_NE[AF],25.0,1150755.0,613.0
1303,2064-09-01,Unmet_Dem_OUT_WY_NE[AF],21.0,1150962.0,634.0
1304,2064-10-01,Unmet_Dem_OUT_WY_NE[AF],25.0,1151002.0,659.0
1305,2065-06-01,Unmet_Dem_OUT_WY_NE[AF],2.0,1172735.0,661.0
1306,2065-07-01,Unmet_Dem_OUT_WY_NE[AF],11.0,1181833.0,672.0
1307,2065-08-01,Unmet_Dem_OUT_WY_NE[AF],9.0,1185056.0,681.0
1308,2065-09-01,Unmet_Dem_OUT_WY_NE[AF],1.0,1190227.0,682.0
1309,2065-10-01,Unmet_Dem_OUT_WY_NE[AF],3.0,1197121.0,685.0
1310,2065-11-01,Unmet_Dem_OUT_WY_NE[AF],18.0,1204417.0,703.0
1311,2066-07-01,Unmet_Dem_OUT_WY_NE[AF],-14.0,1261708.0,689.0
1312,2066-09-01,Unmet_Dem_OUT_WY_NE[AF],3.0,1298177.0,692.0
1313,2066-10-01,Unmet_Dem_OUT_WY_NE[AF],7.0,1313364.0,699.0
1314,2066-11-01,Unmet_Dem_OUT_WY_NE[AF],11.0,1324870.0,710.0
1315,2066-12-01,Unmet_Dem_OUT_WY_NE[AF],21.0,1326319.0,731.0
1316,2067-01-01,Unmet_Dem_OUT_WY_NE[AF],20.0,1326387.0,751.0
1317,2067-02-01,Unmet_Dem_OUT_WY_NE[AF],3.0,1326417.0,754.0
1318,2067-06-01,Unmet_Dem_OUT_WY_NE[AF],6.0,1352179.0,760.0
1319,2067-07-01,Unmet_Dem_OUT_WY_NE[AF],4.0,1368487.0,764.0
1320,2067-08-01,Unmet_Dem_OUT_WY_NE[AF],1.0,1387936.0,765.0
1321,2067-09-01,Unmet_Dem_OUT_WY_NE[AF],-1.0,1405492.0,764.0
1322,2067-11-01,Unmet_Dem_OUT_WY_NE[AF],-12.0,1431974.0,752.0
1323,2067-12-01,Unmet_Dem_OUT_WY_NE[AF],12.0,1432003.0,764.0
1324,2068-01-01,Unmet_Dem_OUT_WY_NE[AF],10.0,1432022.0,774.0
1325,2068-07-01,Unmet_Dem_OUT_WY_NE[AF],8.0,1432021.0,782.0
1326,2068-08-01,Unmet_Dem_OUT_WY_NE[AF],3.0,1432470.0,785.0
1327,2068-09-01,Unmet_Dem_OUT_WY_NE[AF],2.0,1434903.0,787.0
1328,2068-10-01,Unmet_Dem_OUT_WY_NE[AF],11.0,1435157.0,798.0
1329,2069-07-01,Unmet_Dem_OUT_WY_NE[AF],3.0,1470620.0,801.0
1330,2069-08-01,Unmet_Dem_OUT_WY_NE[AF],-36.0,1479041.0,765.0
1331,2069-09-01,Unmet_Dem_OUT_WY_NE[AF],-27.0,1488097.0,738.0
1332,2069-10-01,Unmet_Dem_OUT_WY_NE[AF],-33.0,1497848.0,705.0
1333,2069-11-01,Unmet_Dem_OUT_WY_NE[AF],1.0,1503212.0,706.0
1334,2070-07-01,Unmet_Dem_OUT_WY_NE[AF],5.0,1558701.0,711.0
1335,2070-08-01,Unmet_Dem_OUT_WY_NE[AF],6.0,1577917.0,717.0
1336,2070-09-01,Unmet_Dem_OUT_WY_NE[AF],10.0,1592746.0,727.0
1337,2070-10-01,Unmet_Dem_OUT_WY_NE[AF],8.0,1607919.0,735.0
1338,2070-11-01,Unmet_Dem_OUT_WY_NE[AF],-3.0,1619262.0,732.0
1339,2070-12-01,Unmet_Dem_OUT_WY_NE[AF],26.0,1628044.0,758.0
1340,2021-08-01,Unmet_Dem_OUT_WY_SE[AF],2.0,1509.0,2.0
1341,2021-10-01,Unmet_Dem_OUT_WY_SE[AF],-1.0,2641.0,1.0
1342,2021-11-01,Unmet_Dem_OUT_WY_SE[AF],-2.0,2824.0,-1.0
1343,2022-07-01,Unmet_Dem_OUT_WY_SE[AF],1.0,3915.0,0.0
1344,2022-08-01,Unmet_Dem_OUT_WY_SE[AF],1.0,3943.0,1.0
1345,2022-09-01,Unmet_Dem_OUT_WY_SE[AF],2.0,3984.0,3.0
1346,2022-12-01,Unmet_Dem_OUT_WY_SE[AF],2.0,4023.0,5.0
1347,2023-08-01,Unmet_Dem_OUT_WY_SE[AF],-2.0,9093.0,3.0
1348,2023-10-01,Unmet_Dem_OUT_WY_SE[AF],-2.0,9428.0,1.0
1349,2023-12-01,Unmet_Dem_OUT_WY_SE[AF],2.0,9424.0,3.0
1350,2024-11-01,Unmet_Dem_OUT_WY_SE[AF],2.0,15269.0,5.0
1351,2024-12-01,Unmet_Dem_OUT_WY_SE[AF],3.0,15289.0,8.0
1352,2025-07-01,Unmet_Dem_OUT_WY_SE[AF],-11.0,16597.0,-3.0
1353,2025-08-01,Unmet_Dem_OUT_WY_SE[AF],8.0,31574.0,5.0
1354,2025-09-01,Unmet_Dem_OUT_WY_SE[AF],6.0,40064.0,11.0
1355,2025-10-01,Unmet_Dem_OUT_WY_SE[AF],5.0,43974.0,16.0
1356,2025-11-01,Unmet_Dem_OUT_WY_SE[AF],3.0,45735.0,19.0
1357,2025-12-01,Unmet_Dem_OUT_WY_SE[AF],-16.0,45807.0,3.0
1358,2026-07-01,Unmet_Dem_OUT_WY_SE[AF],-37.0,51565.0,-34.0
1359,2026-08-01,Unmet_Dem_OUT_WY_SE[AF],-19.0,51512.0,-53.0
1360,2026-09-01,Unmet_Dem_OUT_WY_SE[AF],-12.0,51480.0,-65.0
1361,2026-10-01,Unmet_Dem_OUT_WY_SE[AF],-7.0,51440.0,-72.0
1362,2026-11-01,Unmet_Dem_OUT_WY_SE[AF],-5.0,51392.0,-77.0
1363,2027-08-01,Unmet_Dem_OUT_WY_SE[AF],-4.0,51379.0,-81.0
1364,2027-09-01,Unmet_Dem_OUT_WY_SE[AF],-2.0,51358.0,-83.0
1365,2027-11-01,Unmet_Dem_OUT_WY_SE[AF],49.0,51437.0,-34.0
1366,2028-08-01,Unmet_Dem_OUT_WY_SE[AF],1.0,58788.0,-33.0
1367,2028-10-01,Unmet_Dem_OUT_WY_SE[AF],-13.0,58715.0,-46.0
1368,2029-08-01,Unmet_Dem_OUT_WY_SE[AF],2.0,82065.0,-44.0
1369,2029-09-01,Unmet_Dem_OUT_WY_SE[AF],4.0,87482.0,-40.0
1370,2029-10-01,Unmet_Dem_OUT_WY_SE[AF],3.0,92975.0,-37.0
1371,2032-08-01,Unmet_Dem_OUT_WY_SE[AF],2.0,120170.0,-35.0
1372,2032-09-01,Unmet_Dem_OUT_WY_SE[AF],2.0,120179.0,-33.0
1373,2033-08-01,Unmet_Dem_OUT_WY_SE[AF],2.0,120188.0,-31.0
1374,2033-09-01,Unmet_Dem_OUT_WY_SE[AF],3.0,120197.0,-28.0
1375,2033-10-01,Unmet_Dem_OUT_WY_SE[AF],4.0,120201.0,-24.0
1376,2033-11-01,Unmet_Dem_OUT_WY_SE[AF],7.0,120215.0,-17.0
1377,2034-08-01,Unmet_Dem_OUT_WY_SE[AF],3.0,144216.0,-14.0
1378,2034-09-01,Unmet_Dem_OUT_WY_SE[AF],2.0,151018.0,-12.0
1379,2034-10-01,Unmet_Dem_OUT_WY_SE[AF],4.0,158722.0,-8.0
1380,2034-11-01,Unmet_Dem_OUT_WY_SE[AF],11.0,165397.0,3.0
1381,2035-08-01,Unmet_Dem_OUT_WY_SE[AF],1.0,189330.0,4.0
1382,2035-09-01,Unmet_Dem_OUT_WY_SE[AF],2.0,198262.0,6.0
1383,2035-10-01,Unmet_Dem_OUT_WY_SE[AF],7.0,207514.0,13.0
1384,2036-07-01,Unmet_Dem_OUT_WY_SE[AF],2.0,249426.0,15.0
1385,2036-08-01,Unmet_Dem_OUT_WY_SE[AF],2.0,260423.0,17.0
1386,2036-09-01,Unmet_Dem_OUT_WY_SE[AF],4.0,271650.0,21.0
1387,2036-10-01,Unmet_Dem_OUT_WY_SE[AF],8.0,278657.0,29.0
1388,2036-11-01,Unmet_Dem_OUT_WY_SE[AF],6.0,286006.0,35.0
1389,2037-07-01,Unmet_Dem_OUT_WY_SE[AF],4.0,314393.0,39.0
1390,2037-08-01,Unmet_Dem_OUT_WY_SE[AF],4.0,322499.0,43.0
1391,2037-09-01,Unmet_Dem_OUT_WY_SE[AF],4.0,332725.0,47.0
1392,2037-10-01,Unmet_Dem_OUT_WY_SE[AF],4.0,342566.0,51.0
1393,2037-11-01,Unmet_Dem_OUT_WY_SE[AF],5.0,347685.0,56.0
1394,2037-12-01,Unmet_Dem_OUT_WY_SE[AF],12.0,348916.0,68.0
1395,2038-01-01,Unmet_Dem_OUT_WY_SE[AF],6.0,348927.0,74.0
1396,2038-06-01,Unmet_Dem_OUT_WY_SE[AF],2.0,361947.0,76.0
1397,2038-07-01,Unmet_Dem_OUT_WY_SE[AF],2.0,361934.0,78.0
1398,2038-08-01,Unmet_Dem_OUT_WY_SE[AF],2.0,361926.0,80.0
1399,2038-10-01,Unmet_Dem_OUT_WY_SE[AF],4.0,361913.0,84.0
1400,2038-11-01,Unmet_Dem_OUT_WY_SE[AF],2.0,361911.0,86.0
1401,2039-07-01,Unmet_Dem_OUT_WY_SE[AF],7.0,380346.0,93.0
1402,2039-08-01,Unmet_Dem_OUT_WY_SE[AF],6.0,380373.0,99.0
1403,2039-09-01,Unmet_Dem_OUT_WY_SE[AF],6.0,380362.0,105.0
1404,2039-10-01,Unmet_Dem_OUT_WY_SE[AF],6.0,380351.0,111.0
1405,2039-11-01,Unmet_Dem_OUT_WY_SE[AF],7.0,380334.0,118.0
1406,2039-12-01,Unmet_Dem_OUT_WY_SE[AF],14.0,380365.0,132.0
1407,2040-08-01,Unmet_Dem_OUT_WY_SE[AF],2.0,398567.0,134.0
1408,2040-10-01,Unmet_Dem_OUT_WY_SE[AF],2.0,405738.0,136.0
1409,2040-11-01,Unmet_Dem_OUT_WY_SE[AF],4.0,405857.0,140.0
1410,2040-12-01,Unmet_Dem_OUT_WY_SE[AF],10.0,405866.0,150.0
1411,2041-01-01,Unmet_Dem_OUT_WY_SE[AF],9.0,405878.0,159.0
1412,2041-02-01,Unmet_Dem_OUT_WY_SE[AF],4.0,405888.0,163.0
1413,2041-06-01,Unmet_Dem_OUT_WY_SE[AF],8.0,420690.0,171.0
1414,2041-07-01,Unmet_Dem_OUT_WY_SE[AF],4.0,423513.0,175.0
1415,2041-08-01,Unmet_Dem_OUT_WY_SE[AF],3.0,423538.0,178.0
1416,2041-09-01,Unmet_Dem_OUT_WY_SE[AF],5.0,423551.0,183.0
1417,2041-10-01,Unmet_Dem_OUT_WY_SE[AF],6.0,423563.0,189.0
1418,2042-07-01,Unmet_Dem_OUT_WY_SE[AF],2.0,433110.0,191.0
1419,2042-08-01,Unmet_Dem_OUT_WY_SE[AF],3.0,433123.0,194.0
1420,2042-09-01,Unmet_Dem_OUT_WY_SE[AF],5.0,433125.0,199.0
1421,2042-10-01,Unmet_Dem_OUT_WY_SE[AF],4.0,433136.0,203.0
1422,2042-11-01,Unmet_Dem_OUT_WY_SE[AF],5.0,433144.0,208.0
1423,2042-12-01,Unmet_Dem_OUT_WY_SE[AF],9.0,433161.0,217.0
1424,2043-01-01,Unmet_Dem_OUT_WY_SE[AF],14.0,433192.0,231.0
1425,2043-02-01,Unmet_Dem_OUT_WY_SE[AF],9.0,433212.0,240.0
1426,2043-03-01,Unmet_Dem_OUT_WY_SE[AF],6.0,433225.0,246.0
1427,2043-07-01,Unmet_Dem_OUT_WY_SE[AF],-14.0,462626.0,232.0
1428,2043-08-01,Unmet_Dem_OUT_WY_SE[AF],-6.0,477676.0,226.0
1429,2043-09-01,Unmet_Dem_OUT_WY_SE[AF],-3.0,492181.0,223.0
1430,2043-11-01,Unmet_Dem_OUT_WY_SE[AF],6.0,512589.0,229.0
1431,2043-12-01,Unmet_Dem_OUT_WY_SE[AF],7.0,512605.0,236.0
1432,2044-01-01,Unmet_Dem_OUT_WY_SE[AF],5.0,512616.0,241.0
1433,2044-07-01,Unmet_Dem_OUT_WY_SE[AF],2.0,558020.0,243.0
1434,2044-08-01,Unmet_Dem_OUT_WY_SE[AF],3.0,561020.0,246.0
1435,2044-09-01,Unmet_Dem_OUT_WY_SE[AF],5.0,566550.0,251.0
1436,2044-10-01,Unmet_Dem_OUT_WY_SE[AF],5.0,574729.0,256.0
1437,2044-11-01,Unmet_Dem_OUT_WY_SE[AF],5.0,578579.0,261.0
1438,2045-08-01,Unmet_Dem_OUT_WY_SE[AF],2.0,605150.0,263.0
1439,2045-09-01,Unmet_Dem_OUT_WY_SE[AF],3.0,614810.0,266.0
1440,2045-10-01,Unmet_Dem_OUT_WY_SE[AF],3.0,622743.0,269.0
1441,2046-07-01,Unmet_Dem_OUT_WY_SE[AF],5.0,647912.0,274.0
1442,2046-08-01,Unmet_Dem_OUT_WY_SE[AF],5.0,647965.0,279.0
1443,2046-09-01,Unmet_Dem_OUT_WY_SE[AF],6.0,648002.0,285.0
1444,2046-10-01,Unmet_Dem_OUT_WY_SE[AF],9.0,648436.0,294.0
1445,2047-09-01,Unmet_Dem_OUT_WY_SE[AF],4.0,678843.0,298.0
1446,2047-10-01,Unmet_Dem_OUT_WY_SE[AF],20.0,683020.0,318.0
1447,2048-08-01,Unmet_Dem_OUT_WY_SE[AF],3.0,686688.0,321.0
1448,2048-09-01,Unmet_Dem_OUT_WY_SE[AF],2.0,686688.0,323.0
1449,2049-07-01,Unmet_Dem_OUT_WY_SE[AF],1.0,700311.0,324.0
1450,2049-08-01,Unmet_Dem_OUT_WY_SE[AF],4.0,700312.0,328.0
1451,2049-09-01,Unmet_Dem_OUT_WY_SE[AF],9.0,700318.0,337.0
1452,2049-10-01,Unmet_Dem_OUT_WY_SE[AF],7.0,700309.0,344.0
1453,2050-07-01,Unmet_Dem_OUT_WY_SE[AF],2.0,709445.0,346.0
1454,2050-08-01,Unmet_Dem_OUT_WY_SE[AF],4.0,709424.0,350.0
1455,2050-09-01,Unmet_Dem_OUT_WY_SE[AF],5.0,709498.0,355.0
1456,2050-10-01,Unmet_Dem_OUT_WY_SE[AF],7.0,709510.0,362.0
1457,2051-06-01,Unmet_Dem_OUT_WY_SE[AF],9.0,737297.0,371.0
1458,2051-07-01,Unmet_Dem_OUT_WY_SE[AF],7.0,750594.0,378.0
1459,2051-08-01,Unmet_Dem_OUT_WY_SE[AF],6.0,752039.0,384.0
1460,2051-09-01,Unmet_Dem_OUT_WY_SE[AF],7.0,757353.0,391.0
1461,2051-10-01,Unmet_Dem_OUT_WY_SE[AF],7.0,760374.0,398.0
1462,2051-11-01,Unmet_Dem_OUT_WY_SE[AF],6.0,763079.0,404.0
1463,2052-07-01,Unmet_Dem_OUT_WY_SE[AF],1.0,792693.0,405.0
1464,2052-08-01,Unmet_Dem_OUT_WY_SE[AF],2.0,793141.0,407.0
1465,2052-09-01,Unmet_Dem_OUT_WY_SE[AF],3.0,799415.0,410.0
1466,2052-10-01,Unmet_Dem_OUT_WY_SE[AF],4.0,808900.0,414.0
1467,2052-11-01,Unmet_Dem_OUT_WY_SE[AF],5.0,813577.0,419.0
1468,2052-12-01,Unmet_Dem_OUT_WY_SE[AF],18.0,813637.0,437.0
1469,2053-07-01,Unmet_Dem_OUT_WY_SE[AF],1.0,848945.0,438.0
1470,2053-08-01,Unmet_Dem_OUT_WY_SE[AF],3.0,851713.0,441.0
1471,2053-09-01,Unmet_Dem_OUT_WY_SE[AF],4.0,856592.0,445.0
1472,2053-10-01,Unmet_Dem_OUT_WY_SE[AF],6.0,858881.0,451.0
1473,2053-11-01,Unmet_Dem_OUT_WY_SE[AF],6.0,862341.0,457.0
1474,2053-12-01,Unmet_Dem_OUT_WY_SE[AF],20.0,862402.0,477.0
1475,2054-01-01,Unmet_Dem_OUT_WY_SE[AF],6.0,862425.0,483.0
1476,2054-07-01,Unmet_Dem_OUT_WY_SE[AF],1.0,905565.0,484.0
1477,2054-08-01,Unmet_Dem_OUT_WY_SE[AF],3.0,913959.0,487.0
1478,2054-09-01,Unmet_Dem_OUT_WY_SE[AF],3.0,920576.0,490.0
1479,2054-10-01,Unmet_Dem_OUT_WY_SE[AF],5.0,929705.0,495.0
1480,2054-11-01,Unmet_Dem_OUT_WY_SE[AF],8.0,932396.0,503.0
1481,2054-12-01,Unmet_Dem_OUT_WY_SE[AF],9.0,932262.0,512.0
1482,2055-01-01,Unmet_Dem_OUT_WY_SE[AF],10.0,932285.0,522.0
1483,2055-02-01,Unmet_Dem_OUT_WY_SE[AF],8.0,932303.0,530.0
1484,2055-09-01,Unmet_Dem_OUT_WY_SE[AF],1.0,961311.0,531.0
1485,2055-10-01,Unmet_Dem_OUT_WY_SE[AF],3.0,961318.0,534.0
1486,2055-11-01,Unmet_Dem_OUT_WY_SE[AF],4.0,961325.0,538.0
1487,2055-12-01,Unmet_Dem_OUT_WY_SE[AF],16.0,961368.0,554.0
1488,2056-06-01,Unmet_Dem_OUT_WY_SE[AF],2.0,980871.0,556.0
1489,2056-07-01,Unmet_Dem_OUT_WY_SE[AF],2.0,998392.0,558.0
1490,2056-08-01,Unmet_Dem_OUT_WY_SE[AF],5.0,1005966.0,563.0
1491,2056-09-01,Unmet_Dem_OUT_WY_SE[AF],6.0,1011207.0,569.0
1492,2056-10-01,Unmet_Dem_OUT_WY_SE[AF],4.0,1016417.0,573.0
1493,2056-11-01,Unmet_Dem_OUT_WY_SE[AF],5.0,1016466.0,578.0
1494,2056-12-01,Unmet_Dem_OUT_WY_SE[AF],14.0,1016542.0,592.0
1495,2057-06-01,Unmet_Dem_OUT_WY_SE[AF],1.0,1034580.0,593.0
1496,2057-07-01,Unmet_Dem_OUT_WY_SE[AF],1.0,1050783.0,594.0
1497,2057-08-01,Unmet_Dem_OUT_WY_SE[AF],1.0,1056045.0,595.0
1498,2057-10-01,Unmet_Dem_OUT_WY_SE[AF],-1.0,1069228.0,594.0
1499,2057-11-01,Unmet_Dem_OUT_WY_SE[AF],-6.0,1075105.0,588.0
1500,2057-12-01,Unmet_Dem_OUT_WY_SE[AF],10.0,1075128.0,598.0
1501,2058-01-01,Unmet_Dem_OUT_WY_SE[AF],9.0,1075152.0,607.0
1502,2058-02-01,Unmet_Dem_OUT_WY_SE[AF],6.0,1075164.0,613.0
1503,2058-07-01,Unmet_Dem_OUT_WY_SE[AF],1.0,1087234.0,614.0
1504,2058-08-01,Unmet_Dem_OUT_WY_SE[AF],2.0,1087510.0,616.0
1505,2058-09-01,Unmet_Dem_OUT_WY_SE[AF],5.0,1089335.0,621.0
1506,2058-10-01,Unmet_Dem_OUT_WY_SE[AF],6.0,1089352.0,627.0
1507,2058-11-01,Unmet_Dem_OUT_WY_SE[AF],7.0,1089371.0,634.0
1508,2059-07-01,Unmet_Dem_OUT_WY_SE[AF],2.0,1107153.0,636.0
1509,2060-08-01,Unmet_Dem_OUT_WY_SE[AF],1.0,1132597.0,637.0
1510,2060-10-01,Unmet_Dem_OUT_WY_SE[AF],4.0,1147034.0,641.0
1511,2061-08-01,Unmet_Dem_OUT_WY_SE[AF],1.0,1148293.0,642.0
1512,2061-09-01,Unmet_Dem_OUT_WY_SE[AF],2.0,1149445.0,644.0
1513,2061-10-01,Unmet_Dem_OUT_WY_SE[AF],5.0,1149442.0,649.0
1514,2061-11-01,Unmet_Dem_OUT_WY_SE[AF],5.0,1149428.0,654.0
1515,2062-06-01,Unmet_Dem_OUT_WY_SE[AF],-7.0,1149412.0,647.0
1516,2062-07-01,Unmet_Dem_OUT_WY_SE[AF],-3.0,1149410.0,644.0
1517,2062-08-01,Unmet_Dem_OUT_WY_SE[AF],-13.0,1149404.0,631.0
1518,2062-09-01,Unmet_Dem_OUT_WY_SE[AF],-20.0,1149435.0,611.0
1519,2062-10-01,Unmet_Dem_OUT_WY_SE[AF],-12.0,1149429.0,599.0
1520,2062-11-01,Unmet_Dem_OUT_WY_SE[AF],-24.0,1149388.0,575.0
1521,2063-09-01,Unmet_Dem_OUT_WY_SE[AF],1.0,1149808.0,576.0
1522,2063-10-01,Unmet_Dem_OUT_WY_SE[AF],22.0,1149877.0,598.0
1523,2064-07-01,Unmet_Dem_OUT_WY_SE[AF],16.0,1150381.0,614.0
1524,2064-08-01,Unmet_Dem_OUT_WY_SE[AF],1.0,1150755.0,615.0
1525,2064-09-01,Unmet_Dem_OUT_WY_SE[AF],6.0,1150962.0,621.0
1526,2064-10-01,Unmet_Dem_OUT_WY_SE[AF],6.0,1151002.0,627.0
1527,2065-06-01,Unmet_Dem_OUT_WY_SE[AF],2.0,1172735.0,629.0
1528,2065-07-01,Unmet_Dem_OUT_WY_SE[AF],3.0,1181833.0,632.0
1529,2065-08-01,Unmet_Dem_OUT_WY_SE[AF],4.0,1185056.0,636.0
1530,2065-09-01,Unmet_Dem_OUT_WY_SE[AF],3.0,1190227.0,639.0
1531,2065-10-01,Unmet_Dem_OUT_WY_SE[AF],5.0,1197121.0,644.0
1532,2065-11-01,Unmet_Dem_OUT_WY_SE[AF],16.0,1204417.0,660.0
1533,2066-07-01,Unmet_Dem_OUT_WY_SE[AF],1.0,1261708.0,661.0
1534,2066-10-01,Unmet_Dem_OUT_WY_SE[AF],2.0,1313364.0,663.0
1535,2066-11-01,Unmet_Dem_OUT_WY_SE[AF],2.0,1324870.0,665.0
1536,2066-12-01,Unmet_Dem_OUT_WY_SE[AF],12.0,1326319.0,677.0
1537,2067-01-01,Unmet_Dem_OUT_WY_SE[AF],14.0,1326387.0,691.0
1538,2067-02-01,Unmet_Dem_OUT_WY_SE[AF],3.0,1326417.0,694.0
1539,2067-08-01,Unmet_Dem_OUT_WY_SE[AF],2.0,1387936.0,696.0
1540,2067-09-01,Unmet_Dem_OUT_WY_SE[AF],3.0,1405492.0,699.0
1541,2067-10-01,Unmet_Dem_OUT_WY_SE[AF],2.0,1420704.0,701.0
1542,2067-11-01,Unmet_Dem_OUT_WY_SE[AF],-7.0,1431974.0,694.0
1543,2067-12-01,Unmet_Dem_OUT_WY_SE[AF],9.0,1432003.0,703.0
1544,2068-01-01,Unmet_Dem_OUT_WY_SE[AF],9.0,1432022.0,712.0
1545,2068-07-01,Unmet_Dem_OUT_WY_SE[AF],-10.0,1432021.0,702.0
1546,2068-08-01,Unmet_Dem_OUT_WY_SE[AF],-3.0,1432470.0,699.0
1547,2068-09-01,Unmet_Dem_OUT_WY_SE[AF],-2.0,1434903.0,697.0
1548,2068-10-01,Unmet_Dem_OUT_WY_SE[AF],-2.0,1435157.0,695.0
1549,2069-08-01,Unmet_Dem_OUT_WY_SE[AF],2.0,1479041.0,697.0
1550,2069-09-01,Unmet_Dem_OUT_WY_SE[AF],3.0,1488097.0,700.0
1551,2069-10-01,Unmet_Dem_OUT_WY_SE[AF],6.0,1497848.0,706.0
1552,2069-11-01,Unmet_Dem_OUT_WY_SE[AF],20.0,1503212.0,726.0
1553,2070-07-01,Unmet_Dem_OUT_WY_SE[AF],1.0,1558701.0,727.0
1554,2070-08-01,Unmet_Dem_OUT_WY_SE[AF],1.0,1577917.0,728.0
1555,2070-09-01,Unmet_Dem_OUT_WY_SE[AF],2.0,1592746.0,730.0
1556,2070-10-01,Unmet_Dem_OUT_WY_SE[AF],3.0,1607919.0,733.0
1557,2070-11-01,Unmet_Dem_OUT_WY_SE[AF],2.0,1619262.0,735.0
1558,2070-12-01,Unmet_Dem_OUT_WY_SE[AF],20.0,1628044.0,755.0
